Movie title,Clip index,IMDB link,Fandom link,YouTube link
An American Tail,Vro5qtVA4PE,https://www.imdb.com/title/tt0090633/,https://anamericantail.fandom.com/wiki/Category:Characters,https://www.youtube.com/watch?v=Vro5qtVA4PE
An American Tail,gQMtp2WxEA4,https://www.imdb.com/title/tt0090633/,https://anamericantail.fandom.com/wiki/Category:Characters,https://www.youtube.com/watch?v=gQMtp2WxEA4
An American Tail,XWgSKXw8ZwI,https://www.imdb.com/title/tt0090633/,https://anamericantail.fandom.com/wiki/Category:Characters,https://www.youtube.com/watch?v=XWgSKXw8ZwI
An American Tail,kXvNxXDDHSY,https://www.imdb.com/title/tt0090633/,https://anamericantail.fandom.com/wiki/Category:Characters,https://www.youtube.com/watch?v=kXvNxXDDHSY
An American Tail,2jzlSeFLr7A,https://www.imdb.com/title/tt0090633/,https://anamericantail.fandom.com/wiki/Category:Characters,https://www.youtube.com/watch?v=2jzlSeFLr7A
An American Tail,HFAGAjkDaOU,https://www.imdb.com/title/tt0090633/,https://anamericantail.fandom.com/wiki/Category:Characters,https://www.youtube.com/watch?v=HFAGAjkDaOU
An American Tail,M93XQJPV51c,https://www.imdb.com/title/tt0090633/,https://anamericantail.fandom.com/wiki/Category:Characters,https://www.youtube.com/watch?v=M93XQJPV51c
An American Tail,65pGOp7qa_s,https://www.imdb.com/title/tt0090633/,https://anamericantail.fandom.com/wiki/Category:Characters,https://www.youtube.com/watch?v=65pGOp7qa_s
An American Tail,sJsCKwZLztk,https://www.imdb.com/title/tt0090633/,https://anamericantail.fandom.com/wiki/Category:Characters,https://www.youtube.com/watch?v=sJsCKwZLztk
The Land Before Time,kJg3GP4tH94,https://www.imdb.com/title/tt0095489/,https://landbeforetime.fandom.com/wiki/Category:Land_Before_Time_characters,https://www.youtube.com/watch?v=kJg3GP4tH94
The Land Before Time,WbW8GgAWKi8,https://www.imdb.com/title/tt0095489/,https://landbeforetime.fandom.com/wiki/Category:Land_Before_Time_characters,https://www.youtube.com/watch?v=WbW8GgAWKi8
The Land Before Time,QL7Qq67AJrY,https://www.imdb.com/title/tt0095489/,https://landbeforetime.fandom.com/wiki/Category:Land_Before_Time_characters,https://www.youtube.com/watch?v=QL7Qq67AJrY
The Land Before Time,FnjrwacqDLc,https://www.imdb.com/title/tt0095489/,https://landbeforetime.fandom.com/wiki/Category:Land_Before_Time_characters,https://www.youtube.com/watch?v=FnjrwacqDLc
The Land Before Time,2t2iFLshgWQ,https://www.imdb.com/title/tt0095489/,https://landbeforetime.fandom.com/wiki/Category:Land_Before_Time_characters,https://www.youtube.com/watch?v=2t2iFLshgWQ
The Land Before Time,hR1XzVQnfqY,https://www.imdb.com/title/tt0095489/,https://landbeforetime.fandom.com/wiki/Category:Land_Before_Time_characters,https://www.youtube.com/watch?v=hR1XzVQnfqY
The Land Before Time,weHHBdmI_Jw,https://www.imdb.com/title/tt0095489/,https://landbeforetime.fandom.com/wiki/Category:Land_Before_Time_characters,https://www.youtube.com/watch?v=weHHBdmI_Jw
The Land Before Time,I9uVquExMi4,https://www.imdb.com/title/tt0095489/,https://landbeforetime.fandom.com/wiki/Category:Land_Before_Time_characters,https://www.youtube.com/watch?v=I9uVquExMi4
All Dogs Go to Heaven,5KaMqmlEcJQ,https://www.imdb.com/title/tt0096787/,https://alldogsgotoheaven.fandom.com/wiki/Category:Characters,https://www.youtube.com/watch?v=5KaMqmlEcJQ
All Dogs Go to Heaven,pHB8Z35H29k,https://www.imdb.com/title/tt0096787/,https://alldogsgotoheaven.fandom.com/wiki/Category:Characters,https://www.youtube.com/watch?v=pHB8Z35H29k
All Dogs Go to Heaven,qe5s8UTNw4c,https://www.imdb.com/title/tt0096787/,https://alldogsgotoheaven.fandom.com/wiki/Category:Characters,https://www.youtube.com/watch?v=qe5s8UTNw4c
All Dogs Go to Heaven,wufYHJkbl7k,https://www.imdb.com/title/tt0096787/,https://alldogsgotoheaven.fandom.com/wiki/Category:Characters,https://www.youtube.com/watch?v=wufYHJkbl7k
All Dogs Go to Heaven,whCKn6cV-0k,https://www.imdb.com/title/tt0096787/,https://alldogsgotoheaven.fandom.com/wiki/Category:Characters,https://www.youtube.com/watch?v=whCKn6cV-0k
All Dogs Go to Heaven,1PLIzuZNuJI,https://www.imdb.com/title/tt0096787/,https://alldogsgotoheaven.fandom.com/wiki/Category:Characters,https://www.youtube.com/watch?v=1PLIzuZNuJI
All Dogs Go to Heaven,27U6dyYE9rA,https://www.imdb.com/title/tt0096787/,https://alldogsgotoheaven.fandom.com/wiki/Category:Characters,https://www.youtube.com/watch?v=27U6dyYE9rA
An American Tail: Fievel Goes West,S76Oq-NDyvw,https://www.imdb.com/title/tt0101329/,https://anamericantail.fandom.com/wiki/Category:Characters,https://www.youtube.com/watch?v=S76Oq-NDyvw
An American Tail: Fievel Goes West,c9YJ-KJZKyY,https://www.imdb.com/title/tt0101329/,https://anamericantail.fandom.com/wiki/Category:Characters,https://www.youtube.com/watch?v=c9YJ-KJZKyY
An American Tail: Fievel Goes West,Wq8gxNsz9ZQ,https://www.imdb.com/title/tt0101329/,https://anamericantail.fandom.com/wiki/Category:Characters,https://www.youtube.com/watch?v=Wq8gxNsz9ZQ
An American Tail: Fievel Goes West,DRtbf7iG8Nw,https://www.imdb.com/title/tt0101329/,https://anamericantail.fandom.com/wiki/Category:Characters,https://www.youtube.com/watch?v=DRtbf7iG8Nw
An American Tail: Fievel Goes West,q5eGg_CgBPk,https://www.imdb.com/title/tt0101329/,https://anamericantail.fandom.com/wiki/Category:Characters,https://www.youtube.com/watch?v=q5eGg_CgBPk
An American Tail: Fievel Goes West,cglsMVVevx8,https://www.imdb.com/title/tt0101329/,https://anamericantail.fandom.com/wiki/Category:Characters,https://www.youtube.com/watch?v=cglsMVVevx8
An American Tail: Fievel Goes West,CvLrYbRzjAE,https://www.imdb.com/title/tt0101329/,https://anamericantail.fandom.com/wiki/Category:Characters,https://www.youtube.com/watch?v=CvLrYbRzjAE
Chicken Run,ZVlfttyv5js,https://www.imdb.com/title/tt0120630/,https://chickenrun.fandom.com/wiki/Category:Characters,https://www.youtube.com/watch?v=ZVlfttyv5js
Chicken Run,0hNbRd78jOE,https://www.imdb.com/title/tt0120630/,https://chickenrun.fandom.com/wiki/Category:Characters,https://www.youtube.com/watch?v=0hNbRd78jOE
Chicken Run,i_zdyGw0tEo,https://www.imdb.com/title/tt0120630/,https://chickenrun.fandom.com/wiki/Category:Characters,https://www.youtube.com/watch?v=i_zdyGw0tEo
Chicken Run,wQj8uFwQP2A,https://www.imdb.com/title/tt0120630/,https://chickenrun.fandom.com/wiki/Category:Characters,https://www.youtube.com/watch?v=wQj8uFwQP2A
Chicken Run,8xgUm0plA8w,https://www.imdb.com/title/tt0120630/,https://chickenrun.fandom.com/wiki/Category:Characters,https://www.youtube.com/watch?v=8xgUm0plA8w
Chicken Run,mjuNE5wyMzY,https://www.imdb.com/title/tt0120630/,https://chickenrun.fandom.com/wiki/Category:Characters,https://www.youtube.com/watch?v=mjuNE5wyMzY
Chicken Run,mlHF0Vv7yEc,https://www.imdb.com/title/tt0120630/,https://chickenrun.fandom.com/wiki/Category:Characters,https://www.youtube.com/watch?v=mlHF0Vv7yEc
The Prince of Egypt,psDtqypK3hI,https://www.imdb.com/title/tt0120794/,https://dreamworks.fandom.com/wiki/Category:The_Prince_of_Egypt_characters,https://www.youtube.com/watch?v=psDtqypK3hI
The Prince of Egypt,sDEWZnPJGRU,https://www.imdb.com/title/tt0120794/,https://dreamworks.fandom.com/wiki/Category:The_Prince_of_Egypt_characters,https://www.youtube.com/watch?v=sDEWZnPJGRU
The Prince of Egypt,cLomnZIvoFs,https://www.imdb.com/title/tt0120794/,https://dreamworks.fandom.com/wiki/Category:The_Prince_of_Egypt_characters,https://www.youtube.com/watch?v=cLomnZIvoFs
The Prince of Egypt,r5zhPLNGAOE,https://www.imdb.com/title/tt0120794/,https://dreamworks.fandom.com/wiki/Category:The_Prince_of_Egypt_characters,https://www.youtube.com/watch?v=r5zhPLNGAOE
The Prince of Egypt,GJleW4TCQM0,https://www.imdb.com/title/tt0120794/,https://dreamworks.fandom.com/wiki/Category:The_Prince_of_Egypt_characters,https://www.youtube.com/watch?v=GJleW4TCQM0
The Prince of Egypt,HXmru6NrSAY,https://www.imdb.com/title/tt0120794/,https://dreamworks.fandom.com/wiki/Category:The_Prince_of_Egypt_characters,https://www.youtube.com/watch?v=HXmru6NrSAY
The Prince of Egypt,TzRrEgkfhG8,https://www.imdb.com/title/tt0120794/,https://dreamworks.fandom.com/wiki/Category:The_Prince_of_Egypt_characters,https://www.youtube.com/watch?v=TzRrEgkfhG8
Shrek,mFl8nzZuExE,https://www.imdb.com/title/tt0126029/,https://dreamworks.fandom.com/wiki/Category:Shrek_characters,https://www.youtube.com/watch?v=mFl8nzZuExE
Shrek,iropsnsCEjA,https://www.imdb.com/title/tt0126029/,https://dreamworks.fandom.com/wiki/Category:Shrek_characters,https://www.youtube.com/watch?v=iropsnsCEjA
Shrek,UvSGGd3ewFI,https://www.imdb.com/title/tt0126029/,https://dreamworks.fandom.com/wiki/Category:Shrek_characters,https://www.youtube.com/watch?v=UvSGGd3ewFI
Shrek,AxGXZOLn-U0,https://www.imdb.com/title/tt0126029/,https://dreamworks.fandom.com/wiki/Category:Shrek_characters,https://www.youtube.com/watch?v=AxGXZOLn-U0
Shrek,xvZRXcg4iS8,https://www.imdb.com/title/tt0126029/,https://dreamworks.fandom.com/wiki/Category:Shrek_characters,https://www.youtube.com/watch?v=xvZRXcg4iS8
Shrek,xURDJ-IW5YM,https://www.imdb.com/title/tt0126029/,https://dreamworks.fandom.com/wiki/Category:Shrek_characters,https://www.youtube.com/watch?v=xURDJ-IW5YM
The Iron Giant,PW-RHrX7Fnc,https://www.imdb.com/title/tt0129167/,https://irongiant.fandom.com/wiki/Category:Characters,https://www.youtube.com/watch?v=PW-RHrX7Fnc
The Iron Giant,W3HDdYjGDzg,https://www.imdb.com/title/tt0129167/,https://irongiant.fandom.com/wiki/Category:Characters,https://www.youtube.com/watch?v=W3HDdYjGDzg
The Iron Giant,ydMwnnhLnLU,https://www.imdb.com/title/tt0129167/,https://irongiant.fandom.com/wiki/Category:Characters,https://www.youtube.com/watch?v=ydMwnnhLnLU
The Iron Giant,MiPH7hknJ8k,https://www.imdb.com/title/tt0129167/,https://irongiant.fandom.com/wiki/Category:Characters,https://www.youtube.com/watch?v=MiPH7hknJ8k
The Iron Giant,9t2_DjGU_Qk,https://www.imdb.com/title/tt0129167/,https://irongiant.fandom.com/wiki/Category:Characters,https://www.youtube.com/watch?v=9t2_DjGU_Qk
The Iron Giant,5Ipcnz96hE8,https://www.imdb.com/title/tt0129167/,https://irongiant.fandom.com/wiki/Category:Characters,https://www.youtube.com/watch?v=5Ipcnz96hE8
The Iron Giant,D4dT2eBWI2M,https://www.imdb.com/title/tt0129167/,https://irongiant.fandom.com/wiki/Category:Characters,https://www.youtube.com/watch?v=D4dT2eBWI2M
The Rugrats Movie,SYHN3rt-R5Y,https://www.imdb.com/title/tt0134067/,https://rugrats.fandom.com/wiki/Category:Characters,https://www.youtube.com/watch?v=SYHN3rt-R5Y
The Rugrats Movie,MOKKPloglVE,https://www.imdb.com/title/tt0134067/,https://rugrats.fandom.com/wiki/Category:Characters,https://www.youtube.com/watch?v=MOKKPloglVE
The Rugrats Movie,tlSZa51g_rc,https://www.imdb.com/title/tt0134067/,https://rugrats.fandom.com/wiki/Category:Characters,https://www.youtube.com/watch?v=tlSZa51g_rc
The Rugrats Movie,ZCz2Ob5_-bg,https://www.imdb.com/title/tt0134067/,https://rugrats.fandom.com/wiki/Category:Characters,https://www.youtube.com/watch?v=ZCz2Ob5_-bg
The Rugrats Movie,sheRsZ2HOYI,https://www.imdb.com/title/tt0134067/,https://rugrats.fandom.com/wiki/Category:Characters,https://www.youtube.com/watch?v=sheRsZ2HOYI
The Rugrats Movie,WzDlb8zf7gQ,https://www.imdb.com/title/tt0134067/,https://rugrats.fandom.com/wiki/Category:Characters,https://www.youtube.com/watch?v=WzDlb8zf7gQ
The Rugrats Movie,2fEZc4acGC0,https://www.imdb.com/title/tt0134067/,https://rugrats.fandom.com/wiki/Category:Characters,https://www.youtube.com/watch?v=2fEZc4acGC0
The Rugrats Movie,PbwgDqZazAU,https://www.imdb.com/title/tt0134067/,https://rugrats.fandom.com/wiki/Category:Characters,https://www.youtube.com/watch?v=PbwgDqZazAU
The Road to El Dorado,h3AqOR2Ru1s,https://www.imdb.com/title/tt0138749/,https://roadtoeldorado.fandom.com/wiki/Category:Characters,https://www.youtube.com/watch?v=h3AqOR2Ru1s
The Road to El Dorado,hlWL5Az4pow,https://www.imdb.com/title/tt0138749/,https://roadtoeldorado.fandom.com/wiki/Category:Characters,https://www.youtube.com/watch?v=hlWL5Az4pow
The Road to El Dorado,NipqouLNqAY,https://www.imdb.com/title/tt0138749/,https://roadtoeldorado.fandom.com/wiki/Category:Characters,https://www.youtube.com/watch?v=NipqouLNqAY
The Road to El Dorado,jG7W6jwCSd0,https://www.imdb.com/title/tt0138749/,https://roadtoeldorado.fandom.com/wiki/Category:Characters,https://www.youtube.com/watch?v=jG7W6jwCSd0
The Road to El Dorado,xaIlgOMjspo,https://www.imdb.com/title/tt0138749/,https://roadtoeldorado.fandom.com/wiki/Category:Characters,https://www.youtube.com/watch?v=xaIlgOMjspo
The Road to El Dorado,Hm8hcRPGyME,https://www.imdb.com/title/tt0138749/,https://roadtoeldorado.fandom.com/wiki/Category:Characters,https://www.youtube.com/watch?v=Hm8hcRPGyME
The Road to El Dorado,bRehxlYZ_CE,https://www.imdb.com/title/tt0138749/,https://roadtoeldorado.fandom.com/wiki/Category:Characters,https://www.youtube.com/watch?v=bRehxlYZ_CE
The Road to El Dorado,Y0IXtktHTgk,https://www.imdb.com/title/tt0138749/,https://roadtoeldorado.fandom.com/wiki/Category:Characters,https://www.youtube.com/watch?v=Y0IXtktHTgk
Joseph: King of Dreams,VIA2wUCj36Q,https://www.imdb.com/title/tt0264734/,https://dreamworks.fandom.com/wiki/Category:Joseph:_King_of_Dreams_characters,https://www.youtube.com/watch?v=VIA2wUCj36Q
Joseph: King of Dreams,vI_kMlvUWDw,https://www.imdb.com/title/tt0264734/,https://dreamworks.fandom.com/wiki/Category:Joseph:_King_of_Dreams_characters,https://www.youtube.com/watch?v=vI_kMlvUWDw
Joseph: King of Dreams,7tXcQ8BBqXs,https://www.imdb.com/title/tt0264734/,https://dreamworks.fandom.com/wiki/Category:Joseph:_King_of_Dreams_characters,https://www.youtube.com/watch?v=7tXcQ8BBqXs
Joseph: King of Dreams,E-Ts3DuFLDg,https://www.imdb.com/title/tt0264734/,https://dreamworks.fandom.com/wiki/Category:Joseph:_King_of_Dreams_characters,https://www.youtube.com/watch?v=E-Ts3DuFLDg
Joseph: King of Dreams,SRy397r355A,https://www.imdb.com/title/tt0264734/,https://dreamworks.fandom.com/wiki/Category:Joseph:_King_of_Dreams_characters,https://www.youtube.com/watch?v=SRy397r355A
Joseph: King of Dreams,QWiJ8VQXJzY,https://www.imdb.com/title/tt0264734/,https://dreamworks.fandom.com/wiki/Category:Joseph:_King_of_Dreams_characters,https://www.youtube.com/watch?v=QWiJ8VQXJzY
Joseph: King of Dreams,7wgLb8Ykb24,https://www.imdb.com/title/tt0264734/,https://dreamworks.fandom.com/wiki/Category:Joseph:_King_of_Dreams_characters,https://www.youtube.com/watch?v=7wgLb8Ykb24
Joseph: King of Dreams,-pq4FpNnvcg,https://www.imdb.com/title/tt0264734/,https://dreamworks.fandom.com/wiki/Category:Joseph:_King_of_Dreams_characters,https://www.youtube.com/watch?v=-pq4FpNnvcg
Ice Age,8dXF7y1QUxU,https://www.imdb.com/title/tt0268380/,https://iceage.fandom.com/wiki/Category:Characters,https://www.youtube.com/watch?v=8dXF7y1QUxU
Ice Age,tQJTJdTM0Wk,https://www.imdb.com/title/tt0268380/,https://iceage.fandom.com/wiki/Category:Characters,https://www.youtube.com/watch?v=tQJTJdTM0Wk
Jimmy Neutron: Boy Genius,SYOiDFKwCsA,https://www.imdb.com/title/tt0268397/,https://jimmyneutron.fandom.com/wiki/Jimmy_Neutron_Wiki,https://www.youtube.com/watch?v=SYOiDFKwCsA
Jimmy Neutron: Boy Genius,hA1BikUzBKc,https://www.imdb.com/title/tt0268397/,https://jimmyneutron.fandom.com/wiki/Jimmy_Neutron_Wiki,https://www.youtube.com/watch?v=hA1BikUzBKc
Jimmy Neutron: Boy Genius,r7k9mkm0TKU,https://www.imdb.com/title/tt0268397/,https://jimmyneutron.fandom.com/wiki/Jimmy_Neutron_Wiki,https://www.youtube.com/watch?v=r7k9mkm0TKU
Jimmy Neutron: Boy Genius,VYMQZsZUxeA,https://www.imdb.com/title/tt0268397/,https://jimmyneutron.fandom.com/wiki/Jimmy_Neutron_Wiki,https://www.youtube.com/watch?v=VYMQZsZUxeA
Jimmy Neutron: Boy Genius,QBvJoXAu2zM,https://www.imdb.com/title/tt0268397/,https://jimmyneutron.fandom.com/wiki/Jimmy_Neutron_Wiki,https://www.youtube.com/watch?v=QBvJoXAu2zM
Jimmy Neutron: Boy Genius,a7qRJ9T9TPg,https://www.imdb.com/title/tt0268397/,https://jimmyneutron.fandom.com/wiki/Jimmy_Neutron_Wiki,https://www.youtube.com/watch?v=a7qRJ9T9TPg
Jimmy Neutron: Boy Genius,S_fzdjP3jKg,https://www.imdb.com/title/tt0268397/,https://jimmyneutron.fandom.com/wiki/Jimmy_Neutron_Wiki,https://www.youtube.com/watch?v=S_fzdjP3jKg
Jimmy Neutron: Boy Genius,wNqqn5NPJ8k,https://www.imdb.com/title/tt0268397/,https://jimmyneutron.fandom.com/wiki/Jimmy_Neutron_Wiki,https://www.youtube.com/watch?v=wNqqn5NPJ8k
Shrek 2,rmpFmJfEZXs,https://www.imdb.com/title/tt0298148/,https://shrek.fandom.com/wiki/Category:Shrek_2_Characters,https://www.youtube.com/watch?v=rmpFmJfEZXs
Shrek 2,vaJ2yQC_ktY,https://www.imdb.com/title/tt0298148/,https://shrek.fandom.com/wiki/Category:Shrek_2_Characters,https://www.youtube.com/watch?v=vaJ2yQC_ktY
Shrek 2,FFnyDGETjzA,https://www.imdb.com/title/tt0298148/,https://shrek.fandom.com/wiki/Category:Shrek_2_Characters,https://www.youtube.com/watch?v=FFnyDGETjzA
Shrek 2,_t4L-ZdoEr8,https://www.imdb.com/title/tt0298148/,https://shrek.fandom.com/wiki/Category:Shrek_2_Characters,https://www.youtube.com/watch?v=_t4L-ZdoEr8
Shrek 2,A_HjMIjzyMU,https://www.imdb.com/title/tt0298148/,https://shrek.fandom.com/wiki/Category:Shrek_2_Characters,https://www.youtube.com/watch?v=A_HjMIjzyMU
Shrek 2,UgiK8333Np0,https://www.imdb.com/title/tt0298148/,https://shrek.fandom.com/wiki/Category:Shrek_2_Characters,https://www.youtube.com/watch?v=UgiK8333Np0
Shrek 2,sOBIrjgDZr4,https://www.imdb.com/title/tt0298148/,https://shrek.fandom.com/wiki/Category:Shrek_2_Characters,https://www.youtube.com/watch?v=sOBIrjgDZr4
Shrek 2,C9PYzGyIfF8,https://www.imdb.com/title/tt0298148/,https://shrek.fandom.com/wiki/Category:Shrek_2_Characters,https://www.youtube.com/watch?v=C9PYzGyIfF8
Looney Tunes: Back in Action,xfF-ZL3xvxw,https://www.imdb.com/title/tt0318155/,https://warnerbros.fandom.com/wiki/Category:Looney_Tunes:_Back_in_Action_characters,https://www.youtube.com/watch?v=xfF-ZL3xvxw
Looney Tunes: Back in Action,vBAK4o8zHF4,https://www.imdb.com/title/tt0318155/,https://warnerbros.fandom.com/wiki/Category:Looney_Tunes:_Back_in_Action_characters,https://www.youtube.com/watch?v=vBAK4o8zHF4
Looney Tunes: Back in Action,Wc_pikEIkcQ,https://www.imdb.com/title/tt0318155/,https://warnerbros.fandom.com/wiki/Category:Looney_Tunes:_Back_in_Action_characters,https://www.youtube.com/watch?v=Wc_pikEIkcQ
Looney Tunes: Back in Action,Dk2BtXCzdzc,https://www.imdb.com/title/tt0318155/,https://warnerbros.fandom.com/wiki/Category:Looney_Tunes:_Back_in_Action_characters,https://www.youtube.com/watch?v=Dk2BtXCzdzc
Looney Tunes: Back in Action,0IWmniYe7aI,https://www.imdb.com/title/tt0318155/,https://warnerbros.fandom.com/wiki/Category:Looney_Tunes:_Back_in_Action_characters,https://www.youtube.com/watch?v=0IWmniYe7aI
Looney Tunes: Back in Action,bYO_AhZaG24,https://www.imdb.com/title/tt0318155/,https://warnerbros.fandom.com/wiki/Category:Looney_Tunes:_Back_in_Action_characters,https://www.youtube.com/watch?v=bYO_AhZaG24
Looney Tunes: Back in Action,6Dg0qouE5Zo,https://www.imdb.com/title/tt0318155/,https://warnerbros.fandom.com/wiki/Category:Looney_Tunes:_Back_in_Action_characters,https://www.youtube.com/watch?v=6Dg0qouE5Zo
Coraline,wyaGIaJsmTg,https://www.imdb.com/title/tt0327597/,https://coraline.fandom.com/wiki/Category:Characters,https://www.youtube.com/watch?v=wyaGIaJsmTg
Coraline,w0C4gjdag8o,https://www.imdb.com/title/tt0327597/,https://coraline.fandom.com/wiki/Category:Characters,https://www.youtube.com/watch?v=w0C4gjdag8o
Coraline,avt_f-TaDBs,https://www.imdb.com/title/tt0327597/,https://coraline.fandom.com/wiki/Category:Characters,https://www.youtube.com/watch?v=avt_f-TaDBs
Coraline,2hcVZo8jP6A,https://www.imdb.com/title/tt0327597/,https://coraline.fandom.com/wiki/Category:Characters,https://www.youtube.com/watch?v=2hcVZo8jP6A
Coraline,91nfNp7MVIw,https://www.imdb.com/title/tt0327597/,https://coraline.fandom.com/wiki/Category:Characters,https://www.youtube.com/watch?v=91nfNp7MVIw
Coraline,oBO9Uy4uc_c,https://www.imdb.com/title/tt0327597/,https://coraline.fandom.com/wiki/Category:Characters,https://www.youtube.com/watch?v=oBO9Uy4uc_c
The Polar Express,Cht63QybtiA,https://www.imdb.com/title/tt0338348/,https://polarexpress.fandom.com/wiki/Category:Characters,https://www.youtube.com/watch?v=Cht63QybtiA
The Polar Express,77tn-KPS334,https://www.imdb.com/title/tt0338348/,https://polarexpress.fandom.com/wiki/Category:Characters,https://www.youtube.com/watch?v=77tn-KPS334
The SpongeBob SquarePants Movie,qcFVUGNUWuk,https://www.imdb.com/title/tt0345950/,https://spongebob.fandom.com/wiki/Category:Movie_characters,https://www.youtube.com/watch?v=qcFVUGNUWuk
The SpongeBob SquarePants Movie,t0Hr0YA9_H0,https://www.imdb.com/title/tt0345950/,https://spongebob.fandom.com/wiki/Category:Movie_characters,https://www.youtube.com/watch?v=t0Hr0YA9_H0
The SpongeBob SquarePants Movie,7nUDA-4vD9g,https://www.imdb.com/title/tt0345950/,https://spongebob.fandom.com/wiki/Category:Movie_characters,https://www.youtube.com/watch?v=7nUDA-4vD9g
The SpongeBob SquarePants Movie,j8yAjWvAqyM,https://www.imdb.com/title/tt0345950/,https://spongebob.fandom.com/wiki/Category:Movie_characters,https://www.youtube.com/watch?v=j8yAjWvAqyM
The SpongeBob SquarePants Movie,NpI0s0ky53I,https://www.imdb.com/title/tt0345950/,https://spongebob.fandom.com/wiki/Category:Movie_characters,https://www.youtube.com/watch?v=NpI0s0ky53I
The SpongeBob SquarePants Movie,brTGAgUYnIc,https://www.imdb.com/title/tt0345950/,https://spongebob.fandom.com/wiki/Category:Movie_characters,https://www.youtube.com/watch?v=brTGAgUYnIc
The SpongeBob SquarePants Movie,0vVy9NBehoc,https://www.imdb.com/title/tt0345950/,https://spongebob.fandom.com/wiki/Category:Movie_characters,https://www.youtube.com/watch?v=0vVy9NBehoc
The SpongeBob SquarePants Movie,YCPDVVLUw-4,https://www.imdb.com/title/tt0345950/,https://spongebob.fandom.com/wiki/Category:Movie_characters,https://www.youtube.com/watch?v=YCPDVVLUw-4
Astro Boy,qF5BMKYv94Q,https://www.imdb.com/title/tt0375568/,https://astroboy.fandom.com/wiki/Category:Characters,https://www.youtube.com/watch?v=qF5BMKYv94Q
Astro Boy,DLf5iJ2jOZ4,https://www.imdb.com/title/tt0375568/,https://astroboy.fandom.com/wiki/Category:Characters,https://www.youtube.com/watch?v=DLf5iJ2jOZ4
Astro Boy,ijnfTK6LgMA,https://www.imdb.com/title/tt0375568/,https://astroboy.fandom.com/wiki/Category:Characters,https://www.youtube.com/watch?v=ijnfTK6LgMA
Astro Boy,Ls4Ua-QtHYE,https://www.imdb.com/title/tt0375568/,https://astroboy.fandom.com/wiki/Category:Characters,https://www.youtube.com/watch?v=Ls4Ua-QtHYE
Astro Boy,RB2mOFx7jfY,https://www.imdb.com/title/tt0375568/,https://astroboy.fandom.com/wiki/Category:Characters,https://www.youtube.com/watch?v=RB2mOFx7jfY
Astro Boy,zi7HyTbmVe4,https://www.imdb.com/title/tt0375568/,https://astroboy.fandom.com/wiki/Category:Characters,https://www.youtube.com/watch?v=zi7HyTbmVe4
Astro Boy,UXjZbdc79dU,https://www.imdb.com/title/tt0375568/,https://astroboy.fandom.com/wiki/Category:Characters,https://www.youtube.com/watch?v=UXjZbdc79dU
Astro Boy,At6Q3fUFU1o,https://www.imdb.com/title/tt0375568/,https://astroboy.fandom.com/wiki/Category:Characters,https://www.youtube.com/watch?v=At6Q3fUFU1o
Monster House,TE4ZWi6xkZo,https://www.imdb.com/title/tt0385880/,https://monster-house.fandom.com/wiki/Category:Characters,https://www.youtube.com/watch?v=TE4ZWi6xkZo
Monster House,4VX7ZvbbLrE,https://www.imdb.com/title/tt0385880/,https://monster-house.fandom.com/wiki/Category:Characters,https://www.youtube.com/watch?v=4VX7ZvbbLrE
Monster House,ATDt5EBims4,https://www.imdb.com/title/tt0385880/,https://monster-house.fandom.com/wiki/Category:Characters,https://www.youtube.com/watch?v=ATDt5EBims4
Monster House,JXxF-_0u_qU,https://www.imdb.com/title/tt0385880/,https://monster-house.fandom.com/wiki/Category:Characters,https://www.youtube.com/watch?v=JXxF-_0u_qU
Monster House,31ZCtppXSoU,https://www.imdb.com/title/tt0385880/,https://monster-house.fandom.com/wiki/Category:Characters,https://www.youtube.com/watch?v=31ZCtppXSoU
Monster House,jBxnTnikZEo,https://www.imdb.com/title/tt0385880/,https://monster-house.fandom.com/wiki/Category:Characters,https://www.youtube.com/watch?v=jBxnTnikZEo
Monster House,ycyXqWAMzZ8,https://www.imdb.com/title/tt0385880/,https://monster-house.fandom.com/wiki/Category:Characters,https://www.youtube.com/watch?v=ycyXqWAMzZ8
Monster House,41FRwoAJkpw,https://www.imdb.com/title/tt0385880/,https://monster-house.fandom.com/wiki/Category:Characters,https://www.youtube.com/watch?v=41FRwoAJkpw
Monster House,M_HMbS9bEhM,https://www.imdb.com/title/tt0385880/,https://monster-house.fandom.com/wiki/Category:Characters,https://www.youtube.com/watch?v=M_HMbS9bEhM
Monster House,xLD9iygFMgA,https://www.imdb.com/title/tt0385880/,https://monster-house.fandom.com/wiki/Category:Characters,https://www.youtube.com/watch?v=xLD9iygFMgA
Bee Movie,oNWAiWBup2Q,https://www.imdb.com/title/tt0389790/,https://beemovie.fandom.com/wiki/Category:Characters,https://www.youtube.com/watch?v=oNWAiWBup2Q
Bee Movie,IFBAXbrw31g,https://www.imdb.com/title/tt0389790/,https://beemovie.fandom.com/wiki/Category:Characters,https://www.youtube.com/watch?v=IFBAXbrw31g
Bee Movie,L46syxgju18,https://www.imdb.com/title/tt0389790/,https://beemovie.fandom.com/wiki/Category:Characters,https://www.youtube.com/watch?v=L46syxgju18
Bee Movie,7h-q7bXYD1c,https://www.imdb.com/title/tt0389790/,https://beemovie.fandom.com/wiki/Category:Characters,https://www.youtube.com/watch?v=7h-q7bXYD1c
Bee Movie,74ZjOVz3gs4,https://www.imdb.com/title/tt0389790/,https://beemovie.fandom.com/wiki/Category:Characters,https://www.youtube.com/watch?v=74ZjOVz3gs4
Bee Movie,jpEfgrff8z0,https://www.imdb.com/title/tt0389790/,https://beemovie.fandom.com/wiki/Category:Characters,https://www.youtube.com/watch?v=jpEfgrff8z0
Bee Movie,vubylfvbMhk,https://www.imdb.com/title/tt0389790/,https://beemovie.fandom.com/wiki/Category:Characters,https://www.youtube.com/watch?v=vubylfvbMhk
Bee Movie,-nswXtzrfQU,https://www.imdb.com/title/tt0389790/,https://beemovie.fandom.com/wiki/Category:Characters,https://www.youtube.com/watch?v=-nswXtzrfQU
Bee Movie,3WmyeqVxCV0,https://www.imdb.com/title/tt0389790/,https://beemovie.fandom.com/wiki/Category:Characters,https://www.youtube.com/watch?v=3WmyeqVxCV0
Bee Movie,O4brzUAaTS0,https://www.imdb.com/title/tt0389790/,https://beemovie.fandom.com/wiki/Category:Characters,https://www.youtube.com/watch?v=O4brzUAaTS0
Open Season,-u1uwI5qJ74,https://www.imdb.com/title/tt0400717/,https://openseason.fandom.com/wiki/Category:Characters,https://www.youtube.com/watch?v=-u1uwI5qJ74
Open Season,a2qE4hG9XCk,https://www.imdb.com/title/tt0400717/,https://openseason.fandom.com/wiki/Category:Characters,https://www.youtube.com/watch?v=a2qE4hG9XCk
Shrek the Third,sWjVe9dMRHU,https://www.imdb.com/title/tt0413267/,https://shrek.fandom.com/wiki/Category:Shrek_the_Third_Characters,https://www.youtube.com/watch?v=sWjVe9dMRHU
Shrek the Third,SVTxvLaac6A,https://www.imdb.com/title/tt0413267/,https://shrek.fandom.com/wiki/Category:Shrek_the_Third_Characters,https://www.youtube.com/watch?v=SVTxvLaac6A
Shrek the Third,Vs0CShp6HFA,https://www.imdb.com/title/tt0413267/,https://shrek.fandom.com/wiki/Category:Shrek_the_Third_Characters,https://www.youtube.com/watch?v=Vs0CShp6HFA
Shrek the Third,IEaqLI9HAmA,https://www.imdb.com/title/tt0413267/,https://shrek.fandom.com/wiki/Category:Shrek_the_Third_Characters,https://www.youtube.com/watch?v=IEaqLI9HAmA
Shrek the Third,mZHlantNtwg,https://www.imdb.com/title/tt0413267/,https://shrek.fandom.com/wiki/Category:Shrek_the_Third_Characters,https://www.youtube.com/watch?v=mZHlantNtwg
Shrek the Third,O12Ve5AFu7o,https://www.imdb.com/title/tt0413267/,https://shrek.fandom.com/wiki/Category:Shrek_the_Third_Characters,https://www.youtube.com/watch?v=O12Ve5AFu7o
Shrek the Third,0igqAlu8Oqc,https://www.imdb.com/title/tt0413267/,https://shrek.fandom.com/wiki/Category:Shrek_the_Third_Characters,https://www.youtube.com/watch?v=0igqAlu8Oqc
Shrek the Third,0L1sL54G45Q,https://www.imdb.com/title/tt0413267/,https://shrek.fandom.com/wiki/Category:Shrek_the_Third_Characters,https://www.youtube.com/watch?v=0L1sL54G45Q
Shrek the Third,MriW09XMJeo,https://www.imdb.com/title/tt0413267/,https://shrek.fandom.com/wiki/Category:Shrek_the_Third_Characters,https://www.youtube.com/watch?v=MriW09XMJeo
Shrek the Third,6TOx7qsyaxU,https://www.imdb.com/title/tt0413267/,https://shrek.fandom.com/wiki/Category:Shrek_the_Third_Characters,https://www.youtube.com/watch?v=6TOx7qsyaxU
Barnyard,3J2Hm85PD2E,https://www.imdb.com/title/tt0414853/,https://barnyard.fandom.com/wiki/Category:Characters,https://www.youtube.com/watch?v=3J2Hm85PD2E
Barnyard,90rIOemL6Xg,https://www.imdb.com/title/tt0414853/,https://barnyard.fandom.com/wiki/Category:Characters,https://www.youtube.com/watch?v=90rIOemL6Xg
Barnyard,ue0MJQmrIlg,https://www.imdb.com/title/tt0414853/,https://barnyard.fandom.com/wiki/Category:Characters,https://www.youtube.com/watch?v=ue0MJQmrIlg
Barnyard,LQFM8e6gQRg,https://www.imdb.com/title/tt0414853/,https://barnyard.fandom.com/wiki/Category:Characters,https://www.youtube.com/watch?v=LQFM8e6gQRg
Barnyard,hSUo-HJ01kY,https://www.imdb.com/title/tt0414853/,https://barnyard.fandom.com/wiki/Category:Characters,https://www.youtube.com/watch?v=hSUo-HJ01kY
Barnyard,76ftznPZmgk,https://www.imdb.com/title/tt0414853/,https://barnyard.fandom.com/wiki/Category:Characters,https://www.youtube.com/watch?v=76ftznPZmgk
Surf's Up,5m9Bf48pWc0,https://www.imdb.com/title/tt0423294/,https://surfs-up.fandom.com/wiki/Category:Surf%27s_Up_characters,https://www.youtube.com/watch?v=5m9Bf48pWc0
Surf's Up,BWT3i-fgw0s,https://www.imdb.com/title/tt0423294/,https://surfs-up.fandom.com/wiki/Category:Surf%27s_Up_characters,https://www.youtube.com/watch?v=BWT3i-fgw0s
Surf's Up,G2ngOQwMMek,https://www.imdb.com/title/tt0423294/,https://surfs-up.fandom.com/wiki/Category:Surf%27s_Up_characters,https://www.youtube.com/watch?v=G2ngOQwMMek
Surf's Up,VD8UttNfU60,https://www.imdb.com/title/tt0423294/,https://surfs-up.fandom.com/wiki/Category:Surf%27s_Up_characters,https://www.youtube.com/watch?v=VD8UttNfU60
Surf's Up,HGrPKwsAvqE,https://www.imdb.com/title/tt0423294/,https://surfs-up.fandom.com/wiki/Category:Surf%27s_Up_characters,https://www.youtube.com/watch?v=HGrPKwsAvqE
Surf's Up,e96_1NxL9no,https://www.imdb.com/title/tt0423294/,https://surfs-up.fandom.com/wiki/Category:Surf%27s_Up_characters,https://www.youtube.com/watch?v=e96_1NxL9no
Surf's Up,uhBhYnRrOg4,https://www.imdb.com/title/tt0423294/,https://surfs-up.fandom.com/wiki/Category:Surf%27s_Up_characters,https://www.youtube.com/watch?v=uhBhYnRrOg4
Surf's Up,8fzGR29bKjY,https://www.imdb.com/title/tt0423294/,https://surfs-up.fandom.com/wiki/Category:Surf%27s_Up_characters,https://www.youtube.com/watch?v=8fzGR29bKjY
Surf's Up,kn5Sc8o9YTM,https://www.imdb.com/title/tt0423294/,https://surfs-up.fandom.com/wiki/Category:Surf%27s_Up_characters,https://www.youtube.com/watch?v=kn5Sc8o9YTM
Flushed Away,m3XsVwEuULw,https://www.imdb.com/title/tt0424095/,https://flushedaway.fandom.com/wiki/Category:Characters_in_Flushed_Away,https://www.youtube.com/watch?v=m3XsVwEuULw
Flushed Away,cbN7TQSGYlI,https://www.imdb.com/title/tt0424095/,https://flushedaway.fandom.com/wiki/Category:Characters_in_Flushed_Away,https://www.youtube.com/watch?v=cbN7TQSGYlI
Flushed Away,yEqjnlWEIcg,https://www.imdb.com/title/tt0424095/,https://flushedaway.fandom.com/wiki/Category:Characters_in_Flushed_Away,https://www.youtube.com/watch?v=yEqjnlWEIcg
Flushed Away,VGcOGt-OV7s,https://www.imdb.com/title/tt0424095/,https://flushedaway.fandom.com/wiki/Category:Characters_in_Flushed_Away,https://www.youtube.com/watch?v=VGcOGt-OV7s
Flushed Away,eOYwXi0B6KQ,https://www.imdb.com/title/tt0424095/,https://flushedaway.fandom.com/wiki/Category:Characters_in_Flushed_Away,https://www.youtube.com/watch?v=eOYwXi0B6KQ
Flushed Away,ePgiRqRIdwg,https://www.imdb.com/title/tt0424095/,https://flushedaway.fandom.com/wiki/Category:Characters_in_Flushed_Away,https://www.youtube.com/watch?v=ePgiRqRIdwg
Flushed Away,mI6O2d4Ieok,https://www.imdb.com/title/tt0424095/,https://flushedaway.fandom.com/wiki/Category:Characters_in_Flushed_Away,https://www.youtube.com/watch?v=mI6O2d4Ieok
Flushed Away,uI7ijvSCHcI,https://www.imdb.com/title/tt0424095/,https://flushedaway.fandom.com/wiki/Category:Characters_in_Flushed_Away,https://www.youtube.com/watch?v=uI7ijvSCHcI
Flushed Away,r67faKKQyO4,https://www.imdb.com/title/tt0424095/,https://flushedaway.fandom.com/wiki/Category:Characters_in_Flushed_Away,https://www.youtube.com/watch?v=r67faKKQyO4
Kung Fu Panda,STqJ_Up4iFg,https://www.imdb.com/title/tt0441773/,https://kungfupanda.fandom.com/wiki/Category:Kung_Fu_Panda_1_Characters,https://www.youtube.com/watch?v=STqJ_Up4iFg
Kung Fu Panda,0_1NU60qHWs,https://www.imdb.com/title/tt0441773/,https://kungfupanda.fandom.com/wiki/Category:Kung_Fu_Panda_1_Characters,https://www.youtube.com/watch?v=0_1NU60qHWs
Kung Fu Panda,zvY-EPgYB4Y,https://www.imdb.com/title/tt0441773/,https://kungfupanda.fandom.com/wiki/Category:Kung_Fu_Panda_1_Characters,https://www.youtube.com/watch?v=zvY-EPgYB4Y
Kung Fu Panda,GQM4dSjjQuE,https://www.imdb.com/title/tt0441773/,https://kungfupanda.fandom.com/wiki/Category:Kung_Fu_Panda_1_Characters,https://www.youtube.com/watch?v=GQM4dSjjQuE
Kung Fu Panda,AhbCYVILusc,https://www.imdb.com/title/tt0441773/,https://kungfupanda.fandom.com/wiki/Category:Kung_Fu_Panda_1_Characters,https://www.youtube.com/watch?v=AhbCYVILusc
Kung Fu Panda,rHvCQEr_ETk,https://www.imdb.com/title/tt0441773/,https://kungfupanda.fandom.com/wiki/Category:Kung_Fu_Panda_1_Characters,https://www.youtube.com/watch?v=rHvCQEr_ETk
Puss in Boots,-19d_T472co,https://www.imdb.com/title/tt0448694/,https://dreamworks.fandom.com/wiki/Category:Puss_in_Boots_characters,https://www.youtube.com/watch?v=-19d_T472co
Puss in Boots,zHwUR2EqUO0,https://www.imdb.com/title/tt0448694/,https://dreamworks.fandom.com/wiki/Category:Puss_in_Boots_characters,https://www.youtube.com/watch?v=zHwUR2EqUO0
Puss in Boots,g1r-B5ZGZWY,https://www.imdb.com/title/tt0448694/,https://dreamworks.fandom.com/wiki/Category:Puss_in_Boots_characters,https://www.youtube.com/watch?v=g1r-B5ZGZWY
Puss in Boots,Pvva0sdUEkc,https://www.imdb.com/title/tt0448694/,https://dreamworks.fandom.com/wiki/Category:Puss_in_Boots_characters,https://www.youtube.com/watch?v=Pvva0sdUEkc
Puss in Boots,UpgP8aA8ABE,https://www.imdb.com/title/tt0448694/,https://dreamworks.fandom.com/wiki/Category:Puss_in_Boots_characters,https://www.youtube.com/watch?v=UpgP8aA8ABE
Puss in Boots,MaqzxDPwOB4,https://www.imdb.com/title/tt0448694/,https://dreamworks.fandom.com/wiki/Category:Puss_in_Boots_characters,https://www.youtube.com/watch?v=MaqzxDPwOB4
Puss in Boots,FcSSNKWcReg,https://www.imdb.com/title/tt0448694/,https://dreamworks.fandom.com/wiki/Category:Puss_in_Boots_characters,https://www.youtube.com/watch?v=FcSSNKWcReg
Puss in Boots,u4gz2yNW_Go,https://www.imdb.com/title/tt0448694/,https://dreamworks.fandom.com/wiki/Category:Puss_in_Boots_characters,https://www.youtube.com/watch?v=u4gz2yNW_Go
Horton Hears a Who!,7FkWC2S0MfY,https://www.imdb.com/title/tt0451079/,https://seuss.fandom.com/wiki/Category:Horton_Hears_a_Who!_Characters,https://www.youtube.com/watch?v=7FkWC2S0MfY
Horton Hears a Who!,InIEECDCSYU,https://www.imdb.com/title/tt0451079/,https://seuss.fandom.com/wiki/Category:Horton_Hears_a_Who!_Characters,https://www.youtube.com/watch?v=InIEECDCSYU
Horton Hears a Who!,vP8C80lIRt0,https://www.imdb.com/title/tt0451079/,https://seuss.fandom.com/wiki/Category:Horton_Hears_a_Who!_Characters,https://www.youtube.com/watch?v=vP8C80lIRt0
Horton Hears a Who!,8eC08uGwWiw,https://www.imdb.com/title/tt0451079/,https://seuss.fandom.com/wiki/Category:Horton_Hears_a_Who!_Characters,https://www.youtube.com/watch?v=8eC08uGwWiw
Horton Hears a Who!,MoOwbXap6LM,https://www.imdb.com/title/tt0451079/,https://seuss.fandom.com/wiki/Category:Horton_Hears_a_Who!_Characters,https://www.youtube.com/watch?v=MoOwbXap6LM
The Croods,GaUGoueAS4Y,https://www.imdb.com/title/tt0481499/,https://the-croods.fandom.com/wiki/Category:Characters,https://www.youtube.com/watch?v=GaUGoueAS4Y
The Croods,z7tcVyV7wjw,https://www.imdb.com/title/tt0481499/,https://the-croods.fandom.com/wiki/Category:Characters,https://www.youtube.com/watch?v=z7tcVyV7wjw
The Croods,w6ivjvOqBy0,https://www.imdb.com/title/tt0481499/,https://the-croods.fandom.com/wiki/Category:Characters,https://www.youtube.com/watch?v=w6ivjvOqBy0
The Croods,KToHdILd_p0,https://www.imdb.com/title/tt0481499/,https://the-croods.fandom.com/wiki/Category:Characters,https://www.youtube.com/watch?v=KToHdILd_p0
The Croods,BM29Ze3d_cs,https://www.imdb.com/title/tt0481499/,https://the-croods.fandom.com/wiki/Category:Characters,https://www.youtube.com/watch?v=BM29Ze3d_cs
The Croods,hR4oc1us1aU,https://www.imdb.com/title/tt0481499/,https://the-croods.fandom.com/wiki/Category:Characters,https://www.youtube.com/watch?v=hR4oc1us1aU
The Croods,xxl1Hrw2eQM,https://www.imdb.com/title/tt0481499/,https://the-croods.fandom.com/wiki/Category:Characters,https://www.youtube.com/watch?v=xxl1Hrw2eQM
The Croods,29Pg9Oo6P2w,https://www.imdb.com/title/tt0481499/,https://the-croods.fandom.com/wiki/Category:Characters,https://www.youtube.com/watch?v=29Pg9Oo6P2w
The Croods,irnju0G-lBg,https://www.imdb.com/title/tt0481499/,https://the-croods.fandom.com/wiki/Category:Characters,https://www.youtube.com/watch?v=irnju0G-lBg
Planet 51,mkNO5Y4LOMs,https://www.imdb.com/title/tt0762125/,https://planet51.fandom.com/wiki/Category:Planet_51_Characters,https://www.youtube.com/watch?v=mkNO5Y4LOMs
Planet 51,scEuS9-TozQ,https://www.imdb.com/title/tt0762125/,https://planet51.fandom.com/wiki/Category:Planet_51_Characters,https://www.youtube.com/watch?v=scEuS9-TozQ
The Boxtrolls,cudA9HUl6AA,https://www.imdb.com/title/tt0787474/,https://characters.fandom.com/wiki/Category:The_Boxtrolls,https://www.youtube.com/watch?v=cudA9HUl6AA
The Boxtrolls,L1DsFsUlgwM,https://www.imdb.com/title/tt0787474/,https://characters.fandom.com/wiki/Category:The_Boxtrolls,https://www.youtube.com/watch?v=L1DsFsUlgwM
The Boxtrolls,wNhse5NZgR8,https://www.imdb.com/title/tt0787474/,https://characters.fandom.com/wiki/Category:The_Boxtrolls,https://www.youtube.com/watch?v=wNhse5NZgR8
The Boxtrolls,Vz2OwX1XETQ,https://www.imdb.com/title/tt0787474/,https://characters.fandom.com/wiki/Category:The_Boxtrolls,https://www.youtube.com/watch?v=Vz2OwX1XETQ
The Boxtrolls,ENsr9cH6irs,https://www.imdb.com/title/tt0787474/,https://characters.fandom.com/wiki/Category:The_Boxtrolls,https://www.youtube.com/watch?v=ENsr9cH6irs
The Boxtrolls,MJNG_rYJPV0,https://www.imdb.com/title/tt0787474/,https://characters.fandom.com/wiki/Category:The_Boxtrolls,https://www.youtube.com/watch?v=MJNG_rYJPV0
The Boxtrolls,vicOpIdpQVM,https://www.imdb.com/title/tt0787474/,https://characters.fandom.com/wiki/Category:The_Boxtrolls,https://www.youtube.com/watch?v=vicOpIdpQVM
Hotel Transylvania,gpkncObsNqY,https://www.imdb.com/title/tt0837562/,https://hoteltransylvania.fandom.com/wiki/Category:Characters,https://www.youtube.com/watch?v=gpkncObsNqY
Hotel Transylvania,uBPs4AHD52Y,https://www.imdb.com/title/tt0837562/,https://hoteltransylvania.fandom.com/wiki/Category:Characters,https://www.youtube.com/watch?v=uBPs4AHD52Y
Hotel Transylvania,vHBKdIq9RGs,https://www.imdb.com/title/tt0837562/,https://hoteltransylvania.fandom.com/wiki/Category:Characters,https://www.youtube.com/watch?v=vHBKdIq9RGs
Hotel Transylvania,2JMmof1eg1s,https://www.imdb.com/title/tt0837562/,https://hoteltransylvania.fandom.com/wiki/Category:Characters,https://www.youtube.com/watch?v=2JMmof1eg1s
Hotel Transylvania,tj3Trywp_zk,https://www.imdb.com/title/tt0837562/,https://hoteltransylvania.fandom.com/wiki/Category:Characters,https://www.youtube.com/watch?v=tj3Trywp_zk
Hotel Transylvania,JtuMPxXQ2l4,https://www.imdb.com/title/tt0837562/,https://hoteltransylvania.fandom.com/wiki/Category:Characters,https://www.youtube.com/watch?v=JtuMPxXQ2l4
Hotel Transylvania,El0_VgXqgXU,https://www.imdb.com/title/tt0837562/,https://hoteltransylvania.fandom.com/wiki/Category:Characters,https://www.youtube.com/watch?v=El0_VgXqgXU
Cloudy with a Chance of Meatballs,uuWIaDATbnE,https://www.imdb.com/title/tt0844471/,https://cloudywithachanceofmeatballs.fandom.com/wiki/Category:Characters,https://www.youtube.com/watch?v=uuWIaDATbnE
Cloudy with a Chance of Meatballs,xAkmG6uqBd4,https://www.imdb.com/title/tt0844471/,https://cloudywithachanceofmeatballs.fandom.com/wiki/Category:Characters,https://www.youtube.com/watch?v=xAkmG6uqBd4
Cloudy with a Chance of Meatballs,pHrp2OM19t4,https://www.imdb.com/title/tt0844471/,https://cloudywithachanceofmeatballs.fandom.com/wiki/Category:Characters,https://www.youtube.com/watch?v=pHrp2OM19t4
Cloudy with a Chance of Meatballs,8xZ0jOhAHMk,https://www.imdb.com/title/tt0844471/,https://cloudywithachanceofmeatballs.fandom.com/wiki/Category:Characters,https://www.youtube.com/watch?v=8xZ0jOhAHMk
Cloudy with a Chance of Meatballs,FKW1h53hSxs,https://www.imdb.com/title/tt0844471/,https://cloudywithachanceofmeatballs.fandom.com/wiki/Category:Characters,https://www.youtube.com/watch?v=FKW1h53hSxs
Cloudy with a Chance of Meatballs,HlyzLOPYuKc,https://www.imdb.com/title/tt0844471/,https://cloudywithachanceofmeatballs.fandom.com/wiki/Category:Characters,https://www.youtube.com/watch?v=HlyzLOPYuKc
Cloudy with a Chance of Meatballs,z-fCbA2aAyg,https://www.imdb.com/title/tt0844471/,https://cloudywithachanceofmeatballs.fandom.com/wiki/Category:Characters,https://www.youtube.com/watch?v=z-fCbA2aAyg
Cloudy with a Chance of Meatballs,MwcXLL103vE,https://www.imdb.com/title/tt0844471/,https://cloudywithachanceofmeatballs.fandom.com/wiki/Category:Characters,https://www.youtube.com/watch?v=MwcXLL103vE
Cloudy with a Chance of Meatballs,1Qd2hicvxBc,https://www.imdb.com/title/tt0844471/,https://cloudywithachanceofmeatballs.fandom.com/wiki/Category:Characters,https://www.youtube.com/watch?v=1Qd2hicvxBc
How to Train Your Dragon,jFQUE_6Zhn0,https://www.imdb.com/title/tt0892769/,https://howtotrainyourdragon.fandom.com/wiki/Category:How_to_Train_Your_Dragon_(film),https://www.youtube.com/watch?v=jFQUE_6Zhn0
How to Train Your Dragon,yHjejU3HvRE,https://www.imdb.com/title/tt0892769/,https://howtotrainyourdragon.fandom.com/wiki/Category:How_to_Train_Your_Dragon_(film),https://www.youtube.com/watch?v=yHjejU3HvRE
How to Train Your Dragon,ZDyEERuK31Y,https://www.imdb.com/title/tt0892769/,https://howtotrainyourdragon.fandom.com/wiki/Category:How_to_Train_Your_Dragon_(film),https://www.youtube.com/watch?v=ZDyEERuK31Y
How to Train Your Dragon,2iD5pPwbDJ8,https://www.imdb.com/title/tt0892769/,https://howtotrainyourdragon.fandom.com/wiki/Category:How_to_Train_Your_Dragon_(film),https://www.youtube.com/watch?v=2iD5pPwbDJ8
How to Train Your Dragon,aFnS18LM8Ws,https://www.imdb.com/title/tt0892769/,https://howtotrainyourdragon.fandom.com/wiki/Category:How_to_Train_Your_Dragon_(film),https://www.youtube.com/watch?v=aFnS18LM8Ws
How to Train Your Dragon,VvNX7pOAK58,https://www.imdb.com/title/tt0892769/,https://howtotrainyourdragon.fandom.com/wiki/Category:How_to_Train_Your_Dragon_(film),https://www.youtube.com/watch?v=VvNX7pOAK58
Monsters vs. Aliens,eGtDmvtBZQY,https://www.imdb.com/title/tt0892782/,https://monstersvsaliens.fandom.com/wiki/Category:Characters,https://www.youtube.com/watch?v=eGtDmvtBZQY
Monsters vs. Aliens,pjF6bofXAvQ,https://www.imdb.com/title/tt0892782/,https://monstersvsaliens.fandom.com/wiki/Category:Characters,https://www.youtube.com/watch?v=pjF6bofXAvQ
Monsters vs. Aliens,eoREjwjeH30,https://www.imdb.com/title/tt0892782/,https://monstersvsaliens.fandom.com/wiki/Category:Characters,https://www.youtube.com/watch?v=eoREjwjeH30
Monsters vs. Aliens,ETu553EnTJM,https://www.imdb.com/title/tt0892782/,https://monstersvsaliens.fandom.com/wiki/Category:Characters,https://www.youtube.com/watch?v=ETu553EnTJM
Monsters vs. Aliens,nmaCobIvt2w,https://www.imdb.com/title/tt0892782/,https://monstersvsaliens.fandom.com/wiki/Category:Characters,https://www.youtube.com/watch?v=nmaCobIvt2w
Monsters vs. Aliens,XF5omSq8eRQ,https://www.imdb.com/title/tt0892782/,https://monstersvsaliens.fandom.com/wiki/Category:Characters,https://www.youtube.com/watch?v=XF5omSq8eRQ
Shrek Forever After,YNZmZ4ARr38,https://www.imdb.com/title/tt0892791/,https://shrek.fandom.com/wiki/Category:Shrek_Forever_After_Characters,https://www.youtube.com/watch?v=YNZmZ4ARr38
Shrek Forever After,6I5B0jyLBUg,https://www.imdb.com/title/tt0892791/,https://shrek.fandom.com/wiki/Category:Shrek_Forever_After_Characters,https://www.youtube.com/watch?v=6I5B0jyLBUg
Shrek Forever After,zkRkL94VQxY,https://www.imdb.com/title/tt0892791/,https://shrek.fandom.com/wiki/Category:Shrek_Forever_After_Characters,https://www.youtube.com/watch?v=zkRkL94VQxY
Shrek Forever After,TJa_A5cVd-w,https://www.imdb.com/title/tt0892791/,https://shrek.fandom.com/wiki/Category:Shrek_Forever_After_Characters,https://www.youtube.com/watch?v=TJa_A5cVd-w
Shrek Forever After,XTjTXskLQO0,https://www.imdb.com/title/tt0892791/,https://shrek.fandom.com/wiki/Category:Shrek_Forever_After_Characters,https://www.youtube.com/watch?v=XTjTXskLQO0
Shrek Forever After,hIJ0gMDZT_4,https://www.imdb.com/title/tt0892791/,https://shrek.fandom.com/wiki/Category:Shrek_Forever_After_Characters,https://www.youtube.com/watch?v=hIJ0gMDZT_4
Shrek Forever After,0osA8jKKotc,https://www.imdb.com/title/tt0892791/,https://shrek.fandom.com/wiki/Category:Shrek_Forever_After_Characters,https://www.youtube.com/watch?v=0osA8jKKotc
Megamind,zeGRvFbWbz8,https://www.imdb.com/title/tt1001526/,https://mega-mind.fandom.com/wiki/Category:Characters,https://www.youtube.com/watch?v=zeGRvFbWbz8
Megamind,Q7r3HIkBJcg,https://www.imdb.com/title/tt1001526/,https://mega-mind.fandom.com/wiki/Category:Characters,https://www.youtube.com/watch?v=Q7r3HIkBJcg
Megamind,svwcgrDZVPw,https://www.imdb.com/title/tt1001526/,https://mega-mind.fandom.com/wiki/Category:Characters,https://www.youtube.com/watch?v=svwcgrDZVPw
Megamind,MuG157PWMWI,https://www.imdb.com/title/tt1001526/,https://mega-mind.fandom.com/wiki/Category:Characters,https://www.youtube.com/watch?v=MuG157PWMWI
Megamind,b2P-oU216V4,https://www.imdb.com/title/tt1001526/,https://mega-mind.fandom.com/wiki/Category:Characters,https://www.youtube.com/watch?v=b2P-oU216V4
Megamind,GNAJWwqr8cM,https://www.imdb.com/title/tt1001526/,https://mega-mind.fandom.com/wiki/Category:Characters,https://www.youtube.com/watch?v=GNAJWwqr8cM
Megamind,a_hsjTExzbw,https://www.imdb.com/title/tt1001526/,https://mega-mind.fandom.com/wiki/Category:Characters,https://www.youtube.com/watch?v=a_hsjTExzbw
Megamind,UayJYYeMANA,https://www.imdb.com/title/tt1001526/,https://mega-mind.fandom.com/wiki/Category:Characters,https://www.youtube.com/watch?v=UayJYYeMANA
Rango,TuBXSOUS-U4,https://www.imdb.com/title/tt1192628/,https://rango.fandom.com/wiki/Category:Characters,https://www.youtube.com/watch?v=TuBXSOUS-U4
Rango,SW5_v_8r9VA,https://www.imdb.com/title/tt1192628/,https://rango.fandom.com/wiki/Category:Characters,https://www.youtube.com/watch?v=SW5_v_8r9VA
Rango,XgGyrrzTBz4,https://www.imdb.com/title/tt1192628/,https://rango.fandom.com/wiki/Category:Characters,https://www.youtube.com/watch?v=XgGyrrzTBz4
Rango,uAroGB_YCmw,https://www.imdb.com/title/tt1192628/,https://rango.fandom.com/wiki/Category:Characters,https://www.youtube.com/watch?v=uAroGB_YCmw
Rango,de_Dik7HT6E,https://www.imdb.com/title/tt1192628/,https://rango.fandom.com/wiki/Category:Characters,https://www.youtube.com/watch?v=de_Dik7HT6E
Rango,BIg5_09Tcf8,https://www.imdb.com/title/tt1192628/,https://rango.fandom.com/wiki/Category:Characters,https://www.youtube.com/watch?v=BIg5_09Tcf8
Rango,7cZ3I9Bn9Rg,https://www.imdb.com/title/tt1192628/,https://rango.fandom.com/wiki/Category:Characters,https://www.youtube.com/watch?v=7cZ3I9Bn9Rg
Rango,qN_sGdVG0Yw,https://www.imdb.com/title/tt1192628/,https://rango.fandom.com/wiki/Category:Characters,https://www.youtube.com/watch?v=qN_sGdVG0Yw
Alpha and Omega,IpW3QbVzNCI,https://www.imdb.com/title/tt1213012/,https://alphaandomegafilm.fandom.com/wiki/Category:Characters,https://www.youtube.com/watch?v=IpW3QbVzNCI
Alpha and Omega,z9P5NdzCcJo,https://www.imdb.com/title/tt1213012/,https://alphaandomegafilm.fandom.com/wiki/Category:Characters,https://www.youtube.com/watch?v=z9P5NdzCcJo
Alpha and Omega,kk8MNQHBJkY,https://www.imdb.com/title/tt1213012/,https://alphaandomegafilm.fandom.com/wiki/Category:Characters,https://www.youtube.com/watch?v=kk8MNQHBJkY
Alpha and Omega,B1dK_oxzaX0,https://www.imdb.com/title/tt1213012/,https://alphaandomegafilm.fandom.com/wiki/Category:Characters,https://www.youtube.com/watch?v=B1dK_oxzaX0
Alpha and Omega,bGWyL-vJAn4,https://www.imdb.com/title/tt1213012/,https://alphaandomegafilm.fandom.com/wiki/Category:Characters,https://www.youtube.com/watch?v=bGWyL-vJAn4
Alpha and Omega,-qSADHn4nqw,https://www.imdb.com/title/tt1213012/,https://alphaandomegafilm.fandom.com/wiki/Category:Characters,https://www.youtube.com/watch?v=-qSADHn4nqw
Alpha and Omega,zuKBp_n_o14,https://www.imdb.com/title/tt1213012/,https://alphaandomegafilm.fandom.com/wiki/Category:Characters,https://www.youtube.com/watch?v=zuKBp_n_o14
Alpha and Omega,4F9i0gj9KKc,https://www.imdb.com/title/tt1213012/,https://alphaandomegafilm.fandom.com/wiki/Category:Characters,https://www.youtube.com/watch?v=4F9i0gj9KKc
Alpha and Omega,I8xuqClrB3Y,https://www.imdb.com/title/tt1213012/,https://alphaandomegafilm.fandom.com/wiki/Category:Characters,https://www.youtube.com/watch?v=I8xuqClrB3Y
Alpha and Omega,hONljrAJrH0,https://www.imdb.com/title/tt1213012/,https://alphaandomegafilm.fandom.com/wiki/Category:Characters,https://www.youtube.com/watch?v=hONljrAJrH0
Legend of the Guardians,PSWgZzUr_Yw,https://www.imdb.com/title/tt1219342/,https://guardiansofgahoole.fandom.com/wiki/Category:Characters,https://www.youtube.com/watch?v=PSWgZzUr_Yw
Legend of the Guardians,raDWhK7iSqU,https://www.imdb.com/title/tt1219342/,https://guardiansofgahoole.fandom.com/wiki/Category:Characters,https://www.youtube.com/watch?v=raDWhK7iSqU
Legend of the Guardians,0YOmyGX2kmQ,https://www.imdb.com/title/tt1219342/,https://guardiansofgahoole.fandom.com/wiki/Category:Characters,https://www.youtube.com/watch?v=0YOmyGX2kmQ
Legend of the Guardians,q9Wip3v8h40,https://www.imdb.com/title/tt1219342/,https://guardiansofgahoole.fandom.com/wiki/Category:Characters,https://www.youtube.com/watch?v=q9Wip3v8h40
Legend of the Guardians,Xjp16xSdsp0,https://www.imdb.com/title/tt1219342/,https://guardiansofgahoole.fandom.com/wiki/Category:Characters,https://www.youtube.com/watch?v=Xjp16xSdsp0
Legend of the Guardians,3NpYTks1mDI,https://www.imdb.com/title/tt1219342/,https://guardiansofgahoole.fandom.com/wiki/Category:Characters,https://www.youtube.com/watch?v=3NpYTks1mDI
Legend of the Guardians,n94um7eDILg,https://www.imdb.com/title/tt1219342/,https://guardiansofgahoole.fandom.com/wiki/Category:Characters,https://www.youtube.com/watch?v=n94um7eDILg
Legend of the Guardians,hRfF8Kes77E,https://www.imdb.com/title/tt1219342/,https://guardiansofgahoole.fandom.com/wiki/Category:Characters,https://www.youtube.com/watch?v=hRfF8Kes77E
Kung Fu Panda 2,hTpVCu5DzpA,https://www.imdb.com/title/tt1302011/,https://kungfupanda.fandom.com/wiki/Category:Kung_Fu_Panda_2_Characters,https://www.youtube.com/watch?v=hTpVCu5DzpA
Kung Fu Panda 2,nXait2wHOQc,https://www.imdb.com/title/tt1302011/,https://kungfupanda.fandom.com/wiki/Category:Kung_Fu_Panda_2_Characters,https://www.youtube.com/watch?v=nXait2wHOQc
Kung Fu Panda 2,jY4nU1rwWv8,https://www.imdb.com/title/tt1302011/,https://kungfupanda.fandom.com/wiki/Category:Kung_Fu_Panda_2_Characters,https://www.youtube.com/watch?v=jY4nU1rwWv8
Kung Fu Panda 2,h5UGcMYOaaU,https://www.imdb.com/title/tt1302011/,https://kungfupanda.fandom.com/wiki/Category:Kung_Fu_Panda_2_Characters,https://www.youtube.com/watch?v=h5UGcMYOaaU
Kung Fu Panda 2,4SDOcUPE1GI,https://www.imdb.com/title/tt1302011/,https://kungfupanda.fandom.com/wiki/Category:Kung_Fu_Panda_2_Characters,https://www.youtube.com/watch?v=4SDOcUPE1GI
Kung Fu Panda 2,22Xiae6LXdU,https://www.imdb.com/title/tt1302011/,https://kungfupanda.fandom.com/wiki/Category:Kung_Fu_Panda_2_Characters,https://www.youtube.com/watch?v=22Xiae6LXdU
Kung Fu Panda 2,ePtwxRF1WZA,https://www.imdb.com/title/tt1302011/,https://kungfupanda.fandom.com/wiki/Category:Kung_Fu_Panda_2_Characters,https://www.youtube.com/watch?v=ePtwxRF1WZA
Kung Fu Panda 2,Ln91UqmKxwI,https://www.imdb.com/title/tt1302011/,https://kungfupanda.fandom.com/wiki/Category:Kung_Fu_Panda_2_Characters,https://www.youtube.com/watch?v=Ln91UqmKxwI
Despicable Me,fdrR3NbPARs,https://www.imdb.com/title/tt1323594/,https://despicableme.fandom.com/wiki/Category:Despicable_Me_Characters,https://www.youtube.com/watch?v=fdrR3NbPARs
Despicable Me,ej6dxNrh3Dc,https://www.imdb.com/title/tt1323594/,https://despicableme.fandom.com/wiki/Category:Despicable_Me_Characters,https://www.youtube.com/watch?v=ej6dxNrh3Dc
Despicable Me,x8HjCP3LqHo,https://www.imdb.com/title/tt1323594/,https://despicableme.fandom.com/wiki/Category:Despicable_Me_Characters,https://www.youtube.com/watch?v=x8HjCP3LqHo
Despicable Me,8R1OS5jPh2s,https://www.imdb.com/title/tt1323594/,https://despicableme.fandom.com/wiki/Category:Despicable_Me_Characters,https://www.youtube.com/watch?v=8R1OS5jPh2s
Despicable Me,YsMdkGG2b0k,https://www.imdb.com/title/tt1323594/,https://despicableme.fandom.com/wiki/Category:Despicable_Me_Characters,https://www.youtube.com/watch?v=YsMdkGG2b0k
Despicable Me,YgXPN03oxkc,https://www.imdb.com/title/tt1323594/,https://despicableme.fandom.com/wiki/Category:Despicable_Me_Characters,https://www.youtube.com/watch?v=YgXPN03oxkc
Despicable Me,Z4DDrBjEBHE,https://www.imdb.com/title/tt1323594/,https://despicableme.fandom.com/wiki/Category:Despicable_Me_Characters,https://www.youtube.com/watch?v=Z4DDrBjEBHE
Arthur Christmas,oLUmNV0tmMo,https://www.imdb.com/title/tt1430607/,https://sonypicturesanimation.fandom.com/wiki/Category:Arthur_Christmas_Characters,https://www.youtube.com/watch?v=oLUmNV0tmMo
Arthur Christmas,QpqCLenOeAM,https://www.imdb.com/title/tt1430607/,https://sonypicturesanimation.fandom.com/wiki/Category:Arthur_Christmas_Characters,https://www.youtube.com/watch?v=QpqCLenOeAM
Arthur Christmas,Hi_NmfSbE3g,https://www.imdb.com/title/tt1430607/,https://sonypicturesanimation.fandom.com/wiki/Category:Arthur_Christmas_Characters,https://www.youtube.com/watch?v=Hi_NmfSbE3g
Arthur Christmas,AxpzOZT_C0o,https://www.imdb.com/title/tt1430607/,https://sonypicturesanimation.fandom.com/wiki/Category:Arthur_Christmas_Characters,https://www.youtube.com/watch?v=AxpzOZT_C0o
Arthur Christmas,v-OKZSh7tQ4,https://www.imdb.com/title/tt1430607/,https://sonypicturesanimation.fandom.com/wiki/Category:Arthur_Christmas_Characters,https://www.youtube.com/watch?v=v-OKZSh7tQ4
Arthur Christmas,vF3sZj6ge18,https://www.imdb.com/title/tt1430607/,https://sonypicturesanimation.fandom.com/wiki/Category:Arthur_Christmas_Characters,https://www.youtube.com/watch?v=vF3sZj6ge18
Arthur Christmas,YpnqA-vr53Q,https://www.imdb.com/title/tt1430607/,https://sonypicturesanimation.fandom.com/wiki/Category:Arthur_Christmas_Characters,https://www.youtube.com/watch?v=YpnqA-vr53Q
Arthur Christmas,mqpQgFfidcA,https://www.imdb.com/title/tt1430607/,https://sonypicturesanimation.fandom.com/wiki/Category:Arthur_Christmas_Characters,https://www.youtube.com/watch?v=mqpQgFfidcA
Arthur Christmas,t_wR8zbM5VI,https://www.imdb.com/title/tt1430607/,https://sonypicturesanimation.fandom.com/wiki/Category:Arthur_Christmas_Characters,https://www.youtube.com/watch?v=t_wR8zbM5VI
The Pirates! Band of Misfits,KLIB40d6Pz8,https://www.imdb.com/title/tt1430626/,https://thepiratesbandofmisfits.fandom.com/wiki/Category:Characters,https://www.youtube.com/watch?v=KLIB40d6Pz8
The Pirates! Band of Misfits,8HO4C01n00c,https://www.imdb.com/title/tt1430626/,https://thepiratesbandofmisfits.fandom.com/wiki/Category:Characters,https://www.youtube.com/watch?v=8HO4C01n00c
The Pirates! Band of Misfits,Eva9_scd290,https://www.imdb.com/title/tt1430626/,https://thepiratesbandofmisfits.fandom.com/wiki/Category:Characters,https://www.youtube.com/watch?v=Eva9_scd290
The Pirates! Band of Misfits,7SClmJTqKo0,https://www.imdb.com/title/tt1430626/,https://thepiratesbandofmisfits.fandom.com/wiki/Category:Characters,https://www.youtube.com/watch?v=7SClmJTqKo0
The Pirates! Band of Misfits,M1uBjOpTa6Y,https://www.imdb.com/title/tt1430626/,https://thepiratesbandofmisfits.fandom.com/wiki/Category:Characters,https://www.youtube.com/watch?v=M1uBjOpTa6Y
The Pirates! Band of Misfits,TZ2ryw04fx4,https://www.imdb.com/title/tt1430626/,https://thepiratesbandofmisfits.fandom.com/wiki/Category:Characters,https://www.youtube.com/watch?v=TZ2ryw04fx4
The Pirates! Band of Misfits,ip1igmoPSD8,https://www.imdb.com/title/tt1430626/,https://thepiratesbandofmisfits.fandom.com/wiki/Category:Characters,https://www.youtube.com/watch?v=ip1igmoPSD8
The Pirates! Band of Misfits,ajb31pJMQmw,https://www.imdb.com/title/tt1430626/,https://thepiratesbandofmisfits.fandom.com/wiki/Category:Characters,https://www.youtube.com/watch?v=ajb31pJMQmw
The Pirates! Band of Misfits,g3svdzmBtic,https://www.imdb.com/title/tt1430626/,https://thepiratesbandofmisfits.fandom.com/wiki/Category:Characters,https://www.youtube.com/watch?v=g3svdzmBtic
Rio,oz6wjc6xLFU,https://www.imdb.com/title/tt1436562/,https://rio.fandom.com/wiki/Category:Characters_in_Rio,https://www.youtube.com/watch?v=oz6wjc6xLFU
Rio,zTlfN8HuEJA,https://www.imdb.com/title/tt1436562/,https://rio.fandom.com/wiki/Category:Characters_in_Rio,https://www.youtube.com/watch?v=zTlfN8HuEJA
Rio,gGxrQOUaM_E,https://www.imdb.com/title/tt1436562/,https://rio.fandom.com/wiki/Category:Characters_in_Rio,https://www.youtube.com/watch?v=gGxrQOUaM_E
Rio,Gt4t3ZZsAnQ,https://www.imdb.com/title/tt1436562/,https://rio.fandom.com/wiki/Category:Characters_in_Rio,https://www.youtube.com/watch?v=Gt4t3ZZsAnQ
Rise of the Guardians,z9uP9znP-mA,https://www.imdb.com/title/tt1446192/,https://riseoftheguardians.fandom.com/wiki/Category:Characters,https://www.youtube.com/watch?v=z9uP9znP-mA
Rise of the Guardians,89RJwGDFpC4,https://www.imdb.com/title/tt1446192/,https://riseoftheguardians.fandom.com/wiki/Category:Characters,https://www.youtube.com/watch?v=89RJwGDFpC4
Rise of the Guardians,gzbYTUXZkSI,https://www.imdb.com/title/tt1446192/,https://riseoftheguardians.fandom.com/wiki/Category:Characters,https://www.youtube.com/watch?v=gzbYTUXZkSI
Rise of the Guardians,BpnlB0ILpWw,https://www.imdb.com/title/tt1446192/,https://riseoftheguardians.fandom.com/wiki/Category:Characters,https://www.youtube.com/watch?v=BpnlB0ILpWw
Rise of the Guardians,fYVAGoTb8w4,https://www.imdb.com/title/tt1446192/,https://riseoftheguardians.fandom.com/wiki/Category:Characters,https://www.youtube.com/watch?v=fYVAGoTb8w4
Rise of the Guardians,vqPT1IbJrX8,https://www.imdb.com/title/tt1446192/,https://riseoftheguardians.fandom.com/wiki/Category:Characters,https://www.youtube.com/watch?v=vqPT1IbJrX8
Rise of the Guardians,lNVb-ZNIO-A,https://www.imdb.com/title/tt1446192/,https://riseoftheguardians.fandom.com/wiki/Category:Characters,https://www.youtube.com/watch?v=lNVb-ZNIO-A
ParaNorman,I5xqeX3lAgk,https://www.imdb.com/title/tt1623288/,https://paranorman.fandom.com/wiki/Category:Characters,https://www.youtube.com/watch?v=I5xqeX3lAgk
ParaNorman,PczVuk7L0MU,https://www.imdb.com/title/tt1623288/,https://paranorman.fandom.com/wiki/Category:Characters,https://www.youtube.com/watch?v=PczVuk7L0MU
ParaNorman,WCO594skLRA,https://www.imdb.com/title/tt1623288/,https://paranorman.fandom.com/wiki/Category:Characters,https://www.youtube.com/watch?v=WCO594skLRA
ParaNorman,LxOEBk9PqQQ,https://www.imdb.com/title/tt1623288/,https://paranorman.fandom.com/wiki/Category:Characters,https://www.youtube.com/watch?v=LxOEBk9PqQQ
ParaNorman,o6NxwI5Sbbw,https://www.imdb.com/title/tt1623288/,https://paranorman.fandom.com/wiki/Category:Characters,https://www.youtube.com/watch?v=o6NxwI5Sbbw
ParaNorman,wehE7YLFmGI,https://www.imdb.com/title/tt1623288/,https://paranorman.fandom.com/wiki/Category:Characters,https://www.youtube.com/watch?v=wehE7YLFmGI
ParaNorman,oK0u0F_Y2EU,https://www.imdb.com/title/tt1623288/,https://paranorman.fandom.com/wiki/Category:Characters,https://www.youtube.com/watch?v=oK0u0F_Y2EU
How to Train Your Dragon 2,TiJBxtM5iKw,https://www.imdb.com/title/tt1646971/,https://howtotrainyourdragon.fandom.com/wiki/Category:How_to_Train_Your_Dragon_2_Characters,https://www.youtube.com/watch?v=TiJBxtM5iKw
How to Train Your Dragon 2,pDjY4qorZrg,https://www.imdb.com/title/tt1646971/,https://howtotrainyourdragon.fandom.com/wiki/Category:How_to_Train_Your_Dragon_2_Characters,https://www.youtube.com/watch?v=pDjY4qorZrg
How to Train Your Dragon 2,awuqJuO5WOc,https://www.imdb.com/title/tt1646971/,https://howtotrainyourdragon.fandom.com/wiki/Category:How_to_Train_Your_Dragon_2_Characters,https://www.youtube.com/watch?v=awuqJuO5WOc
How to Train Your Dragon 2,6_eBGV71X0w,https://www.imdb.com/title/tt1646971/,https://howtotrainyourdragon.fandom.com/wiki/Category:How_to_Train_Your_Dragon_2_Characters,https://www.youtube.com/watch?v=6_eBGV71X0w
How to Train Your Dragon 2,YSfBTZfswSg,https://www.imdb.com/title/tt1646971/,https://howtotrainyourdragon.fandom.com/wiki/Category:How_to_Train_Your_Dragon_2_Characters,https://www.youtube.com/watch?v=YSfBTZfswSg
How to Train Your Dragon 2,PMjbPEGDJ7w,https://www.imdb.com/title/tt1646971/,https://howtotrainyourdragon.fandom.com/wiki/Category:How_to_Train_Your_Dragon_2_Characters,https://www.youtube.com/watch?v=PMjbPEGDJ7w
How to Train Your Dragon 2,S-EfnfP_cGY,https://www.imdb.com/title/tt1646971/,https://howtotrainyourdragon.fandom.com/wiki/Category:How_to_Train_Your_Dragon_2_Characters,https://www.youtube.com/watch?v=S-EfnfP_cGY
How to Train Your Dragon 2,07kluxoO8j8,https://www.imdb.com/title/tt1646971/,https://howtotrainyourdragon.fandom.com/wiki/Category:How_to_Train_Your_Dragon_2_Characters,https://www.youtube.com/watch?v=07kluxoO8j8
How to Train Your Dragon 2,IvFBobchMoc,https://www.imdb.com/title/tt1646971/,https://howtotrainyourdragon.fandom.com/wiki/Category:How_to_Train_Your_Dragon_2_Characters,https://www.youtube.com/watch?v=IvFBobchMoc
Trolls,9nOc2GqCQ2Y,https://www.imdb.com/title/tt1679335/,https://trolls.fandom.com/wiki/Category:Characters,https://www.youtube.com/watch?v=9nOc2GqCQ2Y
Trolls,wwnqJH8OF-I,https://www.imdb.com/title/tt1679335/,https://trolls.fandom.com/wiki/Category:Characters,https://www.youtube.com/watch?v=wwnqJH8OF-I
Trolls,gtHhlD6p8BY,https://www.imdb.com/title/tt1679335/,https://trolls.fandom.com/wiki/Category:Characters,https://www.youtube.com/watch?v=gtHhlD6p8BY
Trolls,7aYOGUPabd8,https://www.imdb.com/title/tt1679335/,https://trolls.fandom.com/wiki/Category:Characters,https://www.youtube.com/watch?v=7aYOGUPabd8
Trolls,En7TapBA84M,https://www.imdb.com/title/tt1679335/,https://trolls.fandom.com/wiki/Category:Characters,https://www.youtube.com/watch?v=En7TapBA84M
Trolls,5RKld6BGJA4,https://www.imdb.com/title/tt1679335/,https://trolls.fandom.com/wiki/Category:Characters,https://www.youtube.com/watch?v=5RKld6BGJA4
Trolls,DNHmujbuC74,https://www.imdb.com/title/tt1679335/,https://trolls.fandom.com/wiki/Category:Characters,https://www.youtube.com/watch?v=DNHmujbuC74
Trolls,3Y-pMJ4IcTY,https://www.imdb.com/title/tt1679335/,https://trolls.fandom.com/wiki/Category:Characters,https://www.youtube.com/watch?v=3Y-pMJ4IcTY
Despicable Me 2,-kYzHmPDZwo,https://www.imdb.com/title/tt1690953/,https://despicableme.fandom.com/wiki/Category:Despicable_Me_2_Characters,https://www.youtube.com/watch?v=-kYzHmPDZwo
Despicable Me 2,_uRGjnG3G3o,https://www.imdb.com/title/tt1690953/,https://despicableme.fandom.com/wiki/Category:Despicable_Me_2_Characters,https://www.youtube.com/watch?v=_uRGjnG3G3o
Despicable Me 2,UsKSjKrIEq8,https://www.imdb.com/title/tt1690953/,https://despicableme.fandom.com/wiki/Category:Despicable_Me_2_Characters,https://www.youtube.com/watch?v=UsKSjKrIEq8
Despicable Me 2,JjSpGeBqJR8,https://www.imdb.com/title/tt1690953/,https://despicableme.fandom.com/wiki/Category:Despicable_Me_2_Characters,https://www.youtube.com/watch?v=JjSpGeBqJR8
Despicable Me 2,4lNoSUurdKc,https://www.imdb.com/title/tt1690953/,https://despicableme.fandom.com/wiki/Category:Despicable_Me_2_Characters,https://www.youtube.com/watch?v=4lNoSUurdKc
Despicable Me 2,QCJ_a5AYVEY,https://www.imdb.com/title/tt1690953/,https://despicableme.fandom.com/wiki/Category:Despicable_Me_2_Characters,https://www.youtube.com/watch?v=QCJ_a5AYVEY
Despicable Me 2,2tzvi3Xp6sw,https://www.imdb.com/title/tt1690953/,https://despicableme.fandom.com/wiki/Category:Despicable_Me_2_Characters,https://www.youtube.com/watch?v=2tzvi3Xp6sw
Sausage Party,MvIqR1cMbv0,https://www.imdb.com/title/tt1700841/,https://sausageparty.fandom.com/wiki/Category:Characters,https://www.youtube.com/watch?v=MvIqR1cMbv0
Sausage Party,VcnAtRLJS84,https://www.imdb.com/title/tt1700841/,https://sausageparty.fandom.com/wiki/Category:Characters,https://www.youtube.com/watch?v=VcnAtRLJS84
Sausage Party,1Jk8IZYcxmQ,https://www.imdb.com/title/tt1700841/,https://sausageparty.fandom.com/wiki/Category:Characters,https://www.youtube.com/watch?v=1Jk8IZYcxmQ
Sausage Party,iqZmwwUvgVU,https://www.imdb.com/title/tt1700841/,https://sausageparty.fandom.com/wiki/Category:Characters,https://www.youtube.com/watch?v=iqZmwwUvgVU
Sausage Party,g7bQ7ynurn8,https://www.imdb.com/title/tt1700841/,https://sausageparty.fandom.com/wiki/Category:Characters,https://www.youtube.com/watch?v=g7bQ7ynurn8
Sausage Party,YKZRedzkeU8,https://www.imdb.com/title/tt1700841/,https://sausageparty.fandom.com/wiki/Category:Characters,https://www.youtube.com/watch?v=YKZRedzkeU8
Sausage Party,4pSAjI9lOGY,https://www.imdb.com/title/tt1700841/,https://sausageparty.fandom.com/wiki/Category:Characters,https://www.youtube.com/watch?v=4pSAjI9lOGY
Sausage Party,vmynulColPI,https://www.imdb.com/title/tt1700841/,https://sausageparty.fandom.com/wiki/Category:Characters,https://www.youtube.com/watch?v=vmynulColPI
Sausage Party,SWl87YF_hHQ,https://www.imdb.com/title/tt1700841/,https://sausageparty.fandom.com/wiki/Category:Characters,https://www.youtube.com/watch?v=SWl87YF_hHQ
Turbo,pvACjy-tYFE,https://www.imdb.com/title/tt1860353/,https://turbo.fandom.com/wiki/Category:Characters,https://www.youtube.com/watch?v=pvACjy-tYFE
Turbo,JkrovwTh2rw,https://www.imdb.com/title/tt1860353/,https://turbo.fandom.com/wiki/Category:Characters,https://www.youtube.com/watch?v=JkrovwTh2rw
Turbo,XUcN9bf_jP0,https://www.imdb.com/title/tt1860353/,https://turbo.fandom.com/wiki/Category:Characters,https://www.youtube.com/watch?v=XUcN9bf_jP0
Turbo,j0c_RQDfjSM,https://www.imdb.com/title/tt1860353/,https://turbo.fandom.com/wiki/Category:Characters,https://www.youtube.com/watch?v=j0c_RQDfjSM
Turbo,gH1kstAfb5g,https://www.imdb.com/title/tt1860353/,https://turbo.fandom.com/wiki/Category:Characters,https://www.youtube.com/watch?v=gH1kstAfb5g
Turbo,spy6L78o3-A,https://www.imdb.com/title/tt1860353/,https://turbo.fandom.com/wiki/Category:Characters,https://www.youtube.com/watch?v=spy6L78o3-A
Turbo,lJf8EW9800o,https://www.imdb.com/title/tt1860353/,https://turbo.fandom.com/wiki/Category:Characters,https://www.youtube.com/watch?v=lJf8EW9800o
Turbo,1SPMnqTUu1A,https://www.imdb.com/title/tt1860353/,https://turbo.fandom.com/wiki/Category:Characters,https://www.youtube.com/watch?v=1SPMnqTUu1A
Penguins of Madagascar,nHcRQhadzhY,https://www.imdb.com/title/tt1911658/,https://dreamworks-penguins.fandom.com/wiki/Characters_in_The_Penguins_of_Madagascar,https://www.youtube.com/watch?v=nHcRQhadzhY
Penguins of Madagascar,A1GJyyJzpCo,https://www.imdb.com/title/tt1911658/,https://dreamworks-penguins.fandom.com/wiki/Characters_in_The_Penguins_of_Madagascar,https://www.youtube.com/watch?v=A1GJyyJzpCo
Penguins of Madagascar,sF-j-GhV6xw,https://www.imdb.com/title/tt1911658/,https://dreamworks-penguins.fandom.com/wiki/Characters_in_The_Penguins_of_Madagascar,https://www.youtube.com/watch?v=sF-j-GhV6xw
Penguins of Madagascar,5VmWe3LyUDM,https://www.imdb.com/title/tt1911658/,https://dreamworks-penguins.fandom.com/wiki/Characters_in_The_Penguins_of_Madagascar,https://www.youtube.com/watch?v=5VmWe3LyUDM
Penguins of Madagascar,fqKdFZ1jKMY,https://www.imdb.com/title/tt1911658/,https://dreamworks-penguins.fandom.com/wiki/Characters_in_The_Penguins_of_Madagascar,https://www.youtube.com/watch?v=fqKdFZ1jKMY
Penguins of Madagascar,5aY5jTL60pA,https://www.imdb.com/title/tt1911658/,https://dreamworks-penguins.fandom.com/wiki/Characters_in_The_Penguins_of_Madagascar,https://www.youtube.com/watch?v=5aY5jTL60pA
Penguins of Madagascar,pAwdeWy9yYM,https://www.imdb.com/title/tt1911658/,https://dreamworks-penguins.fandom.com/wiki/Characters_in_The_Penguins_of_Madagascar,https://www.youtube.com/watch?v=pAwdeWy9yYM
Penguins of Madagascar,zXR_4li9ZnA,https://www.imdb.com/title/tt1911658/,https://dreamworks-penguins.fandom.com/wiki/Characters_in_The_Penguins_of_Madagascar,https://www.youtube.com/watch?v=zXR_4li9ZnA
Penguins of Madagascar,81MNbVi5a64,https://www.imdb.com/title/tt1911658/,https://dreamworks-penguins.fandom.com/wiki/Characters_in_The_Penguins_of_Madagascar,https://www.youtube.com/watch?v=81MNbVi5a64
Penguins of Madagascar,gIZ64_sZbCY,https://www.imdb.com/title/tt1911658/,https://dreamworks-penguins.fandom.com/wiki/Characters_in_The_Penguins_of_Madagascar,https://www.youtube.com/watch?v=gIZ64_sZbCY
Cloudy with a Chance of Meatballs 2,YjewWZ3JWiE,https://www.imdb.com/title/tt1985966/,https://cloudywithachanceofmeatballs.fandom.com/wiki/Category:Characters,https://www.youtube.com/watch?v=YjewWZ3JWiE
Cloudy with a Chance of Meatballs 2,kJlqNXhZE_I,https://www.imdb.com/title/tt1985966/,https://cloudywithachanceofmeatballs.fandom.com/wiki/Category:Characters,https://www.youtube.com/watch?v=kJlqNXhZE_I
Cloudy with a Chance of Meatballs 2,3PBo1ef-18Y,https://www.imdb.com/title/tt1985966/,https://cloudywithachanceofmeatballs.fandom.com/wiki/Category:Characters,https://www.youtube.com/watch?v=3PBo1ef-18Y
Cloudy with a Chance of Meatballs 2,V3Tlo0EutEQ,https://www.imdb.com/title/tt1985966/,https://cloudywithachanceofmeatballs.fandom.com/wiki/Category:Characters,https://www.youtube.com/watch?v=V3Tlo0EutEQ
Cloudy with a Chance of Meatballs 2,o-OKsTWIVxk,https://www.imdb.com/title/tt1985966/,https://cloudywithachanceofmeatballs.fandom.com/wiki/Category:Characters,https://www.youtube.com/watch?v=o-OKsTWIVxk
Cloudy with a Chance of Meatballs 2,xswJpwb7Afs,https://www.imdb.com/title/tt1985966/,https://cloudywithachanceofmeatballs.fandom.com/wiki/Category:Characters,https://www.youtube.com/watch?v=xswJpwb7Afs
Cloudy with a Chance of Meatballs 2,Ew8AJsPAyLg,https://www.imdb.com/title/tt1985966/,https://cloudywithachanceofmeatballs.fandom.com/wiki/Category:Characters,https://www.youtube.com/watch?v=Ew8AJsPAyLg
Cloudy with a Chance of Meatballs 2,DHWbxxpKb04,https://www.imdb.com/title/tt1985966/,https://cloudywithachanceofmeatballs.fandom.com/wiki/Category:Characters,https://www.youtube.com/watch?v=DHWbxxpKb04
Cloudy with a Chance of Meatballs 2,8osP7KRacWk,https://www.imdb.com/title/tt1985966/,https://cloudywithachanceofmeatballs.fandom.com/wiki/Category:Characters,https://www.youtube.com/watch?v=8osP7KRacWk
Captain Underpants: The First Epic Movie,rilZTyv9RLo,https://www.imdb.com/title/tt2091256/,https://dreamworks.fandom.com/wiki/Category:Captain_Underpants_characters,https://www.youtube.com/watch?v=rilZTyv9RLo
Captain Underpants: The First Epic Movie,uzTuGHYRJ9w,https://www.imdb.com/title/tt2091256/,https://dreamworks.fandom.com/wiki/Category:Captain_Underpants_characters,https://www.youtube.com/watch?v=uzTuGHYRJ9w
Captain Underpants: The First Epic Movie,UciEIYZ-Eos,https://www.imdb.com/title/tt2091256/,https://dreamworks.fandom.com/wiki/Category:Captain_Underpants_characters,https://www.youtube.com/watch?v=UciEIYZ-Eos
Captain Underpants: The First Epic Movie,7wZdMPB-O6Y,https://www.imdb.com/title/tt2091256/,https://dreamworks.fandom.com/wiki/Category:Captain_Underpants_characters,https://www.youtube.com/watch?v=7wZdMPB-O6Y
Captain Underpants: The First Epic Movie,dSdY41CWixQ,https://www.imdb.com/title/tt2091256/,https://dreamworks.fandom.com/wiki/Category:Captain_Underpants_characters,https://www.youtube.com/watch?v=dSdY41CWixQ
Captain Underpants: The First Epic Movie,u-eTCyG0jpA,https://www.imdb.com/title/tt2091256/,https://dreamworks.fandom.com/wiki/Category:Captain_Underpants_characters,https://www.youtube.com/watch?v=u-eTCyG0jpA
Captain Underpants: The First Epic Movie,evQcKvkQCl0,https://www.imdb.com/title/tt2091256/,https://dreamworks.fandom.com/wiki/Category:Captain_Underpants_characters,https://www.youtube.com/watch?v=evQcKvkQCl0
Captain Underpants: The First Epic Movie,kv-hhf-kPkw,https://www.imdb.com/title/tt2091256/,https://dreamworks.fandom.com/wiki/Category:Captain_Underpants_characters,https://www.youtube.com/watch?v=kv-hhf-kPkw
Captain Underpants: The First Epic Movie,lGuivq-6xrw,https://www.imdb.com/title/tt2091256/,https://dreamworks.fandom.com/wiki/Category:Captain_Underpants_characters,https://www.youtube.com/watch?v=lGuivq-6xrw
Captain Underpants: The First Epic Movie,grwlYBNyMk4,https://www.imdb.com/title/tt2091256/,https://dreamworks.fandom.com/wiki/Category:Captain_Underpants_characters,https://www.youtube.com/watch?v=grwlYBNyMk4
Kung Fu Panda 3,DVQQY4-us8k,https://www.imdb.com/title/tt2267968/,https://kungfupanda.fandom.com/wiki/Category:Kung_Fu_Panda_3_Characters,https://www.youtube.com/watch?v=DVQQY4-us8k
Kung Fu Panda 3,w86nTX6Iixo,https://www.imdb.com/title/tt2267968/,https://kungfupanda.fandom.com/wiki/Category:Kung_Fu_Panda_3_Characters,https://www.youtube.com/watch?v=w86nTX6Iixo
Kung Fu Panda 3,FGwgHAqBLDY,https://www.imdb.com/title/tt2267968/,https://kungfupanda.fandom.com/wiki/Category:Kung_Fu_Panda_3_Characters,https://www.youtube.com/watch?v=FGwgHAqBLDY
Kung Fu Panda 3,tekVuL2mT7A,https://www.imdb.com/title/tt2267968/,https://kungfupanda.fandom.com/wiki/Category:Kung_Fu_Panda_3_Characters,https://www.youtube.com/watch?v=tekVuL2mT7A
Kung Fu Panda 3,gRP3sdjszlQ,https://www.imdb.com/title/tt2267968/,https://kungfupanda.fandom.com/wiki/Category:Kung_Fu_Panda_3_Characters,https://www.youtube.com/watch?v=gRP3sdjszlQ
Kung Fu Panda 3,m7HLqZP-l7E,https://www.imdb.com/title/tt2267968/,https://kungfupanda.fandom.com/wiki/Category:Kung_Fu_Panda_3_Characters,https://www.youtube.com/watch?v=m7HLqZP-l7E
Kung Fu Panda 3,rhnCmErsnYA,https://www.imdb.com/title/tt2267968/,https://kungfupanda.fandom.com/wiki/Category:Kung_Fu_Panda_3_Characters,https://www.youtube.com/watch?v=rhnCmErsnYA
Kung Fu Panda 3,YeDjVvr-6Zc,https://www.imdb.com/title/tt2267968/,https://kungfupanda.fandom.com/wiki/Category:Kung_Fu_Panda_3_Characters,https://www.youtube.com/watch?v=YeDjVvr-6Zc
Kung Fu Panda 3,sCsMjWjftZs,https://www.imdb.com/title/tt2267968/,https://kungfupanda.fandom.com/wiki/Category:Kung_Fu_Panda_3_Characters,https://www.youtube.com/watch?v=sCsMjWjftZs
The SpongeBob Movie: Sponge Out of Water,32OSGQmjP1Y,https://www.imdb.com/title/tt2279373/,https://the-spongebob-moviesponge-out-of-water.fandom.com/wiki/Category:Characters,https://www.youtube.com/watch?v=32OSGQmjP1Y
The SpongeBob Movie: Sponge Out of Water,3FKMUa7vCZU,https://www.imdb.com/title/tt2279373/,https://the-spongebob-moviesponge-out-of-water.fandom.com/wiki/Category:Characters,https://www.youtube.com/watch?v=3FKMUa7vCZU
The SpongeBob Movie: Sponge Out of Water,RRDbQPvtAxY,https://www.imdb.com/title/tt2279373/,https://the-spongebob-moviesponge-out-of-water.fandom.com/wiki/Category:Characters,https://www.youtube.com/watch?v=RRDbQPvtAxY
The SpongeBob Movie: Sponge Out of Water,gs3GHB24IaM,https://www.imdb.com/title/tt2279373/,https://the-spongebob-moviesponge-out-of-water.fandom.com/wiki/Category:Characters,https://www.youtube.com/watch?v=gs3GHB24IaM
The SpongeBob Movie: Sponge Out of Water,ctjucF9fiFw,https://www.imdb.com/title/tt2279373/,https://the-spongebob-moviesponge-out-of-water.fandom.com/wiki/Category:Characters,https://www.youtube.com/watch?v=ctjucF9fiFw
The SpongeBob Movie: Sponge Out of Water,W3x0ZxDSF38,https://www.imdb.com/title/tt2279373/,https://the-spongebob-moviesponge-out-of-water.fandom.com/wiki/Category:Characters,https://www.youtube.com/watch?v=W3x0ZxDSF38
The SpongeBob Movie: Sponge Out of Water,RxyMbaDX22g,https://www.imdb.com/title/tt2279373/,https://the-spongebob-moviesponge-out-of-water.fandom.com/wiki/Category:Characters,https://www.youtube.com/watch?v=RxyMbaDX22g
The SpongeBob Movie: Sponge Out of Water,tPJJlCdrJ0M,https://www.imdb.com/title/tt2279373/,https://the-spongebob-moviesponge-out-of-water.fandom.com/wiki/Category:Characters,https://www.youtube.com/watch?v=tPJJlCdrJ0M
The SpongeBob Movie: Sponge Out of Water,H92n6qsNHbY,https://www.imdb.com/title/tt2279373/,https://the-spongebob-moviesponge-out-of-water.fandom.com/wiki/Category:Characters,https://www.youtube.com/watch?v=H92n6qsNHbY
Minions,Ei5IEWld1xw,https://www.imdb.com/title/tt2293640/,https://despicableme.fandom.com/wiki/Category:Minions_characters,https://www.youtube.com/watch?v=Ei5IEWld1xw
Minions,zGdF6OXr6t0,https://www.imdb.com/title/tt2293640/,https://despicableme.fandom.com/wiki/Category:Minions_characters,https://www.youtube.com/watch?v=zGdF6OXr6t0
Minions,-1U0LH6dPfw,https://www.imdb.com/title/tt2293640/,https://despicableme.fandom.com/wiki/Category:Minions_characters,https://www.youtube.com/watch?v=-1U0LH6dPfw
Minions,m0XrO4YJyeI,https://www.imdb.com/title/tt2293640/,https://despicableme.fandom.com/wiki/Category:Minions_characters,https://www.youtube.com/watch?v=m0XrO4YJyeI
Minions,EB74RP-oZqE,https://www.imdb.com/title/tt2293640/,https://despicableme.fandom.com/wiki/Category:Minions_characters,https://www.youtube.com/watch?v=EB74RP-oZqE
Minions,1TGWdRK-Ykk,https://www.imdb.com/title/tt2293640/,https://despicableme.fandom.com/wiki/Category:Minions_characters,https://www.youtube.com/watch?v=1TGWdRK-Ykk
Minions,ax3ZNv5jqQY,https://www.imdb.com/title/tt2293640/,https://despicableme.fandom.com/wiki/Category:Minions_characters,https://www.youtube.com/watch?v=ax3ZNv5jqQY
Minions,iJHyw2pjpWA,https://www.imdb.com/title/tt2293640/,https://despicableme.fandom.com/wiki/Category:Minions_characters,https://www.youtube.com/watch?v=iJHyw2pjpWA
Sherlock Gnomes,6fs-P3Vq9BI,https://www.imdb.com/title/tt2296777/,https://gnomeoandjuliet.fandom.com/wiki/Category:Characters,https://www.youtube.com/watch?v=6fs-P3Vq9BI
Sherlock Gnomes,tNYSeyXRkiE,https://www.imdb.com/title/tt2296777/,https://gnomeoandjuliet.fandom.com/wiki/Category:Characters,https://www.youtube.com/watch?v=tNYSeyXRkiE
Sherlock Gnomes,1xccuQBsJfU,https://www.imdb.com/title/tt2296777/,https://gnomeoandjuliet.fandom.com/wiki/Category:Characters,https://www.youtube.com/watch?v=1xccuQBsJfU
Sherlock Gnomes,vuvmITfWFuo,https://www.imdb.com/title/tt2296777/,https://gnomeoandjuliet.fandom.com/wiki/Category:Characters,https://www.youtube.com/watch?v=vuvmITfWFuo
Sherlock Gnomes,7fOizvx1cUM,https://www.imdb.com/title/tt2296777/,https://gnomeoandjuliet.fandom.com/wiki/Category:Characters,https://www.youtube.com/watch?v=7fOizvx1cUM
Sherlock Gnomes,1aZDrjQGvIU,https://www.imdb.com/title/tt2296777/,https://gnomeoandjuliet.fandom.com/wiki/Category:Characters,https://www.youtube.com/watch?v=1aZDrjQGvIU
Sherlock Gnomes,zpvTZ0G0UiM,https://www.imdb.com/title/tt2296777/,https://gnomeoandjuliet.fandom.com/wiki/Category:Characters,https://www.youtube.com/watch?v=zpvTZ0G0UiM
Sherlock Gnomes,9cNdat9JJuE,https://www.imdb.com/title/tt2296777/,https://gnomeoandjuliet.fandom.com/wiki/Category:Characters,https://www.youtube.com/watch?v=9cNdat9JJuE
Sherlock Gnomes,HIOSYqainIs,https://www.imdb.com/title/tt2296777/,https://gnomeoandjuliet.fandom.com/wiki/Category:Characters,https://www.youtube.com/watch?v=HIOSYqainIs
Sherlock Gnomes,Ng06lmNU4K8,https://www.imdb.com/title/tt2296777/,https://gnomeoandjuliet.fandom.com/wiki/Category:Characters,https://www.youtube.com/watch?v=Ng06lmNU4K8
How to Train Your Dragon 3,uIsdG0ydS5o,https://www.imdb.com/title/tt2386490/,https://howtotrainyourdragon.fandom.com/wiki/Category:How_to_Train_Your_Dragon:_The_Hidden_World_Characters,https://www.youtube.com/watch?v=uIsdG0ydS5o
How to Train Your Dragon 3,O-W3C2RQduY,https://www.imdb.com/title/tt2386490/,https://howtotrainyourdragon.fandom.com/wiki/Category:How_to_Train_Your_Dragon:_The_Hidden_World_Characters,https://www.youtube.com/watch?v=O-W3C2RQduY
How to Train Your Dragon 3,w6YTq-3hmnA,https://www.imdb.com/title/tt2386490/,https://howtotrainyourdragon.fandom.com/wiki/Category:How_to_Train_Your_Dragon:_The_Hidden_World_Characters,https://www.youtube.com/watch?v=w6YTq-3hmnA
How to Train Your Dragon 3,X4lUmgN_ByQ,https://www.imdb.com/title/tt2386490/,https://howtotrainyourdragon.fandom.com/wiki/Category:How_to_Train_Your_Dragon:_The_Hidden_World_Characters,https://www.youtube.com/watch?v=X4lUmgN_ByQ
How to Train Your Dragon 3,tJ1uXsPXyao,https://www.imdb.com/title/tt2386490/,https://howtotrainyourdragon.fandom.com/wiki/Category:How_to_Train_Your_Dragon:_The_Hidden_World_Characters,https://www.youtube.com/watch?v=tJ1uXsPXyao
How to Train Your Dragon 3,_0FLP8sxv2E,https://www.imdb.com/title/tt2386490/,https://howtotrainyourdragon.fandom.com/wiki/Category:How_to_Train_Your_Dragon:_The_Hidden_World_Characters,https://www.youtube.com/watch?v=_0FLP8sxv2E
How to Train Your Dragon 3,9JQEbj0uh0k,https://www.imdb.com/title/tt2386490/,https://howtotrainyourdragon.fandom.com/wiki/Category:How_to_Train_Your_Dragon:_The_Hidden_World_Characters,https://www.youtube.com/watch?v=9JQEbj0uh0k
How to Train Your Dragon 3,dHXVvD4FFas,https://www.imdb.com/title/tt2386490/,https://howtotrainyourdragon.fandom.com/wiki/Category:How_to_Train_Your_Dragon:_The_Hidden_World_Characters,https://www.youtube.com/watch?v=dHXVvD4FFas
Smurfs: The Lost Village,FjT4_Bi-F0I,https://www.imdb.com/title/tt2398241/,https://smurfs.fandom.com/wiki/Category:Smurfs:_The_Lost_Village_characters,https://www.youtube.com/watch?v=FjT4_Bi-F0I
Smurfs: The Lost Village,-U9v7Nz6hOs,https://www.imdb.com/title/tt2398241/,https://smurfs.fandom.com/wiki/Category:Smurfs:_The_Lost_Village_characters,https://www.youtube.com/watch?v=-U9v7Nz6hOs
Smurfs: The Lost Village,WG_LG1CfsCE,https://www.imdb.com/title/tt2398241/,https://smurfs.fandom.com/wiki/Category:Smurfs:_The_Lost_Village_characters,https://www.youtube.com/watch?v=WG_LG1CfsCE
Smurfs: The Lost Village,VGhUlUHKv7s,https://www.imdb.com/title/tt2398241/,https://smurfs.fandom.com/wiki/Category:Smurfs:_The_Lost_Village_characters,https://www.youtube.com/watch?v=VGhUlUHKv7s
Smurfs: The Lost Village,9IYFHAnqOKM,https://www.imdb.com/title/tt2398241/,https://smurfs.fandom.com/wiki/Category:Smurfs:_The_Lost_Village_characters,https://www.youtube.com/watch?v=9IYFHAnqOKM
Smurfs: The Lost Village,2rFXR3_DeMU,https://www.imdb.com/title/tt2398241/,https://smurfs.fandom.com/wiki/Category:Smurfs:_The_Lost_Village_characters,https://www.youtube.com/watch?v=2rFXR3_DeMU
Smurfs: The Lost Village,pmqBmTWq420,https://www.imdb.com/title/tt2398241/,https://smurfs.fandom.com/wiki/Category:Smurfs:_The_Lost_Village_characters,https://www.youtube.com/watch?v=pmqBmTWq420
Smurfs: The Lost Village,9MhRoo23Wak,https://www.imdb.com/title/tt2398241/,https://smurfs.fandom.com/wiki/Category:Smurfs:_The_Lost_Village_characters,https://www.youtube.com/watch?v=9MhRoo23Wak
Smurfs: The Lost Village,ccH057kbWTg,https://www.imdb.com/title/tt2398241/,https://smurfs.fandom.com/wiki/Category:Smurfs:_The_Lost_Village_characters,https://www.youtube.com/watch?v=ccH057kbWTg
Smurfs: The Lost Village,dcCsAQTY9lQ,https://www.imdb.com/title/tt2398241/,https://smurfs.fandom.com/wiki/Category:Smurfs:_The_Lost_Village_characters,https://www.youtube.com/watch?v=dcCsAQTY9lQ
Hotel Transylvania 2,ft9XnHcLYiI,https://www.imdb.com/title/tt2510894/,https://sonypicturesanimation.fandom.com/wiki/Category:Hotel_Transylvania_2_Characters,https://www.youtube.com/watch?v=ft9XnHcLYiI
Hotel Transylvania 2,awkGgPALfho,https://www.imdb.com/title/tt2510894/,https://sonypicturesanimation.fandom.com/wiki/Category:Hotel_Transylvania_2_Characters,https://www.youtube.com/watch?v=awkGgPALfho
Hotel Transylvania 2,8fGU90-I_H4,https://www.imdb.com/title/tt2510894/,https://sonypicturesanimation.fandom.com/wiki/Category:Hotel_Transylvania_2_Characters,https://www.youtube.com/watch?v=8fGU90-I_H4
Hotel Transylvania 2,7y9stFHCvEY,https://www.imdb.com/title/tt2510894/,https://sonypicturesanimation.fandom.com/wiki/Category:Hotel_Transylvania_2_Characters,https://www.youtube.com/watch?v=7y9stFHCvEY
Hotel Transylvania 2,RkINjKcnVuY,https://www.imdb.com/title/tt2510894/,https://sonypicturesanimation.fandom.com/wiki/Category:Hotel_Transylvania_2_Characters,https://www.youtube.com/watch?v=RkINjKcnVuY
Hotel Transylvania 2,NNouwnR8QQw,https://www.imdb.com/title/tt2510894/,https://sonypicturesanimation.fandom.com/wiki/Category:Hotel_Transylvania_2_Characters,https://www.youtube.com/watch?v=NNouwnR8QQw
Hotel Transylvania 2,oOp7Q_xw94I,https://www.imdb.com/title/tt2510894/,https://sonypicturesanimation.fandom.com/wiki/Category:Hotel_Transylvania_2_Characters,https://www.youtube.com/watch?v=oOp7Q_xw94I
Hotel Transylvania 2,Cf5dlMw2d7s,https://www.imdb.com/title/tt2510894/,https://sonypicturesanimation.fandom.com/wiki/Category:Hotel_Transylvania_2_Characters,https://www.youtube.com/watch?v=Cf5dlMw2d7s
The Grinch,BiPY5_H9EIw,https://www.imdb.com/title/tt2709692/,https://seuss.fandom.com/wiki/Category:Dr._Seuss_Characters,https://www.youtube.com/watch?v=BiPY5_H9EIw
The Grinch,HGZotWs54rU,https://www.imdb.com/title/tt2709692/,https://seuss.fandom.com/wiki/Category:Dr._Seuss_Characters,https://www.youtube.com/watch?v=HGZotWs54rU
The Grinch,8coCtKWysGk,https://www.imdb.com/title/tt2709692/,https://seuss.fandom.com/wiki/Category:Dr._Seuss_Characters,https://www.youtube.com/watch?v=8coCtKWysGk
The Grinch,ZhqHIrO4ePo,https://www.imdb.com/title/tt2709692/,https://seuss.fandom.com/wiki/Category:Dr._Seuss_Characters,https://www.youtube.com/watch?v=ZhqHIrO4ePo
The Grinch,96pSGRvBg3I,https://www.imdb.com/title/tt2709692/,https://seuss.fandom.com/wiki/Category:Dr._Seuss_Characters,https://www.youtube.com/watch?v=96pSGRvBg3I
The Grinch,eVmYZJQxawo,https://www.imdb.com/title/tt2709692/,https://seuss.fandom.com/wiki/Category:Dr._Seuss_Characters,https://www.youtube.com/watch?v=eVmYZJQxawo
The Grinch,MmKlIGkxGyM,https://www.imdb.com/title/tt2709692/,https://seuss.fandom.com/wiki/Category:Dr._Seuss_Characters,https://www.youtube.com/watch?v=MmKlIGkxGyM
The Secret Life of Pets,HR2-PHuh3W8,https://www.imdb.com/title/tt2709768/,https://thesecretlifeofpets.fandom.com/wiki/Category:The_Secret_Life_of_Pets_characters,https://www.youtube.com/watch?v=HR2-PHuh3W8
The Secret Life of Pets,GAozArqKtGQ,https://www.imdb.com/title/tt2709768/,https://thesecretlifeofpets.fandom.com/wiki/Category:The_Secret_Life_of_Pets_characters,https://www.youtube.com/watch?v=GAozArqKtGQ
The Secret Life of Pets,Gl5GVViqvjo,https://www.imdb.com/title/tt2709768/,https://thesecretlifeofpets.fandom.com/wiki/Category:The_Secret_Life_of_Pets_characters,https://www.youtube.com/watch?v=Gl5GVViqvjo
The Secret Life of Pets,v5nIRiA5W-E,https://www.imdb.com/title/tt2709768/,https://thesecretlifeofpets.fandom.com/wiki/Category:The_Secret_Life_of_Pets_characters,https://www.youtube.com/watch?v=v5nIRiA5W-E
The Secret Life of Pets,JvclIUy-JlA,https://www.imdb.com/title/tt2709768/,https://thesecretlifeofpets.fandom.com/wiki/Category:The_Secret_Life_of_Pets_characters,https://www.youtube.com/watch?v=JvclIUy-JlA
Despicable Me 3,H9PmpwhBg8w,https://www.imdb.com/title/tt3469046/,https://despicableme.fandom.com/wiki/Category:Despicable_Me_3_Characters,https://www.youtube.com/watch?v=H9PmpwhBg8w
Despicable Me 3,B5goHV7tFnE,https://www.imdb.com/title/tt3469046/,https://despicableme.fandom.com/wiki/Category:Despicable_Me_3_Characters,https://www.youtube.com/watch?v=B5goHV7tFnE
Despicable Me 3,yijQXDtxgic,https://www.imdb.com/title/tt3469046/,https://despicableme.fandom.com/wiki/Category:Despicable_Me_3_Characters,https://www.youtube.com/watch?v=yijQXDtxgic
Despicable Me 3,P94mqkWtfxU,https://www.imdb.com/title/tt3469046/,https://despicableme.fandom.com/wiki/Category:Despicable_Me_3_Characters,https://www.youtube.com/watch?v=P94mqkWtfxU
Despicable Me 3,9riBff-h-hM,https://www.imdb.com/title/tt3469046/,https://despicableme.fandom.com/wiki/Category:Despicable_Me_3_Characters,https://www.youtube.com/watch?v=9riBff-h-hM
Despicable Me 3,m9Gg_VQP2zw,https://www.imdb.com/title/tt3469046/,https://despicableme.fandom.com/wiki/Category:Despicable_Me_3_Characters,https://www.youtube.com/watch?v=m9Gg_VQP2zw
Sing,WDAlAqy9WUM,https://www.imdb.com/title/tt3470600/,https://sing.fandom.com/wiki/Category:Sing_characters,https://www.youtube.com/watch?v=WDAlAqy9WUM
Sing,cUT0WQ9cTrg,https://www.imdb.com/title/tt3470600/,https://sing.fandom.com/wiki/Category:Sing_characters,https://www.youtube.com/watch?v=cUT0WQ9cTrg
Sing,bCOc7VCSox4,https://www.imdb.com/title/tt3470600/,https://sing.fandom.com/wiki/Category:Sing_characters,https://www.youtube.com/watch?v=bCOc7VCSox4
Sing,ETC85CgzTHM,https://www.imdb.com/title/tt3470600/,https://sing.fandom.com/wiki/Category:Sing_characters,https://www.youtube.com/watch?v=ETC85CgzTHM
Sing,lzJV7k-LiC4,https://www.imdb.com/title/tt3470600/,https://sing.fandom.com/wiki/Category:Sing_characters,https://www.youtube.com/watch?v=lzJV7k-LiC4
The Boss Baby,rxkB20Tpvx0,https://www.imdb.com/title/tt3874544/,https://bossbaby.fandom.com/wiki/Category:Characters,https://www.youtube.com/watch?v=rxkB20Tpvx0
The Boss Baby,mIGCgzqFR0s,https://www.imdb.com/title/tt3874544/,https://bossbaby.fandom.com/wiki/Category:Characters,https://www.youtube.com/watch?v=mIGCgzqFR0s
The Boss Baby,prTlJO34AHE,https://www.imdb.com/title/tt3874544/,https://bossbaby.fandom.com/wiki/Category:Characters,https://www.youtube.com/watch?v=prTlJO34AHE
The Boss Baby,VbP7jMN_v-w,https://www.imdb.com/title/tt3874544/,https://bossbaby.fandom.com/wiki/Category:Characters,https://www.youtube.com/watch?v=VbP7jMN_v-w
The Boss Baby,A_CGtuDwl-A,https://www.imdb.com/title/tt3874544/,https://bossbaby.fandom.com/wiki/Category:Characters,https://www.youtube.com/watch?v=A_CGtuDwl-A
The Boss Baby,KjWPSq6-Ets,https://www.imdb.com/title/tt3874544/,https://bossbaby.fandom.com/wiki/Category:Characters,https://www.youtube.com/watch?v=KjWPSq6-Ets
My Little Pony: The Movie,7VOpGn2RTP4,https://www.imdb.com/title/tt4131800/,https://mlp.fandom.com/wiki/My_Little_Pony_The_Movie,https://www.youtube.com/watch?v=7VOpGn2RTP4
My Little Pony: The Movie,sH8nzHarprc,https://www.imdb.com/title/tt4131800/,https://mlp.fandom.com/wiki/My_Little_Pony_The_Movie,https://www.youtube.com/watch?v=sH8nzHarprc
My Little Pony: The Movie,bTPrlCglvFo,https://www.imdb.com/title/tt4131800/,https://mlp.fandom.com/wiki/My_Little_Pony_The_Movie,https://www.youtube.com/watch?v=bTPrlCglvFo
My Little Pony: The Movie,XEF8mU3Vanc,https://www.imdb.com/title/tt4131800/,https://mlp.fandom.com/wiki/My_Little_Pony_The_Movie,https://www.youtube.com/watch?v=XEF8mU3Vanc
My Little Pony: The Movie,rsktGDtzKhg,https://www.imdb.com/title/tt4131800/,https://mlp.fandom.com/wiki/My_Little_Pony_The_Movie,https://www.youtube.com/watch?v=rsktGDtzKhg
My Little Pony: The Movie,vhmFJKHhdw4,https://www.imdb.com/title/tt4131800/,https://mlp.fandom.com/wiki/My_Little_Pony_The_Movie,https://www.youtube.com/watch?v=vhmFJKHhdw4
My Little Pony: The Movie,yaWmlDjvMs8,https://www.imdb.com/title/tt4131800/,https://mlp.fandom.com/wiki/My_Little_Pony_The_Movie,https://www.youtube.com/watch?v=yaWmlDjvMs8
My Little Pony: The Movie,KxoJQx_MgAc,https://www.imdb.com/title/tt4131800/,https://mlp.fandom.com/wiki/My_Little_Pony_The_Movie,https://www.youtube.com/watch?v=KxoJQx_MgAc
Kubo and the Two Strings,LfL_KOOZvLw,https://www.imdb.com/title/tt4302938/,https://laika-entertainment.fandom.com/wiki/Kubo_and_the_Two_Strings,https://www.youtube.com/watch?v=LfL_KOOZvLw
Kubo and the Two Strings,7Q6ywfDSm_0,https://www.imdb.com/title/tt4302938/,https://laika-entertainment.fandom.com/wiki/Kubo_and_the_Two_Strings,https://www.youtube.com/watch?v=7Q6ywfDSm_0
Kubo and the Two Strings,Qrl_BpahMRs,https://www.imdb.com/title/tt4302938/,https://laika-entertainment.fandom.com/wiki/Kubo_and_the_Two_Strings,https://www.youtube.com/watch?v=Qrl_BpahMRs
Kubo and the Two Strings,dpKQxs7ashU,https://www.imdb.com/title/tt4302938/,https://laika-entertainment.fandom.com/wiki/Kubo_and_the_Two_Strings,https://www.youtube.com/watch?v=dpKQxs7ashU
Kubo and the Two Strings,Kdr51Y91SQE,https://www.imdb.com/title/tt4302938/,https://laika-entertainment.fandom.com/wiki/Kubo_and_the_Two_Strings,https://www.youtube.com/watch?v=Kdr51Y91SQE
Kubo and the Two Strings,zjdesHuied8,https://www.imdb.com/title/tt4302938/,https://laika-entertainment.fandom.com/wiki/Kubo_and_the_Two_Strings,https://www.youtube.com/watch?v=zjdesHuied8
Kubo and the Two Strings,Awr5m5-ocv8,https://www.imdb.com/title/tt4302938/,https://laika-entertainment.fandom.com/wiki/Kubo_and_the_Two_Strings,https://www.youtube.com/watch?v=Awr5m5-ocv8
Kubo and the Two Strings,hKTAeQKaKu0,https://www.imdb.com/title/tt4302938/,https://laika-entertainment.fandom.com/wiki/Kubo_and_the_Two_Strings,https://www.youtube.com/watch?v=hKTAeQKaKu0
Kubo and the Two Strings,q_VK4zsJWNw,https://www.imdb.com/title/tt4302938/,https://laika-entertainment.fandom.com/wiki/Kubo_and_the_Two_Strings,https://www.youtube.com/watch?v=q_VK4zsJWNw
Kubo and the Two Strings,15gPYqGlkwc,https://www.imdb.com/title/tt4302938/,https://laika-entertainment.fandom.com/wiki/Kubo_and_the_Two_Strings,https://www.youtube.com/watch?v=15gPYqGlkwc
Spider Man: Into the Spider-Verse,kDTjN5dVCzg,https://www.imdb.com/title/tt4633694/,https://intothespiderverse.fandom.com/wiki/Category:Characters,https://www.youtube.com/watch?v=kDTjN5dVCzg
Spider Man: Into the Spider-Verse,5h2uLkqpVV8,https://www.imdb.com/title/tt4633694/,https://intothespiderverse.fandom.com/wiki/Category:Characters,https://www.youtube.com/watch?v=5h2uLkqpVV8
Spider Man: Into the Spider-Verse,3v9Pfg4Ocbg,https://www.imdb.com/title/tt4633694/,https://intothespiderverse.fandom.com/wiki/Category:Characters,https://www.youtube.com/watch?v=3v9Pfg4Ocbg
Spider Man: Into the Spider-Verse,6bO4ZsAMowI,https://www.imdb.com/title/tt4633694/,https://intothespiderverse.fandom.com/wiki/Category:Characters,https://www.youtube.com/watch?v=6bO4ZsAMowI
Spider Man: Into the Spider-Verse,5XnGKA75dtI,https://www.imdb.com/title/tt4633694/,https://intothespiderverse.fandom.com/wiki/Category:Characters,https://www.youtube.com/watch?v=5XnGKA75dtI
Spider Man: Into the Spider-Verse,XMKKYshEbzM,https://www.imdb.com/title/tt4633694/,https://intothespiderverse.fandom.com/wiki/Category:Characters,https://www.youtube.com/watch?v=XMKKYshEbzM
Spider Man: Into the Spider-Verse,zWW_SH8IFnI,https://www.imdb.com/title/tt4633694/,https://intothespiderverse.fandom.com/wiki/Category:Characters,https://www.youtube.com/watch?v=zWW_SH8IFnI
The Secret Life of Pets 2,Z0AxmKelYrE,https://www.imdb.com/title/tt5113040/,https://thesecretlifeofpets.fandom.com/wiki/Category:The_Secret_Life_of_Pets_2_characters,https://www.youtube.com/watch?v=Z0AxmKelYrE
The Secret Life of Pets 2,br2rj_3KW1A,https://www.imdb.com/title/tt5113040/,https://thesecretlifeofpets.fandom.com/wiki/Category:The_Secret_Life_of_Pets_2_characters,https://www.youtube.com/watch?v=br2rj_3KW1A
The Secret Life of Pets 2,exu61pb5X68,https://www.imdb.com/title/tt5113040/,https://thesecretlifeofpets.fandom.com/wiki/Category:The_Secret_Life_of_Pets_2_characters,https://www.youtube.com/watch?v=exu61pb5X68
The Secret Life of Pets 2,u6HHla9ApmI,https://www.imdb.com/title/tt5113040/,https://thesecretlifeofpets.fandom.com/wiki/Category:The_Secret_Life_of_Pets_2_characters,https://www.youtube.com/watch?v=u6HHla9ApmI
The Secret Life of Pets 2,JnuYlFhXWsU,https://www.imdb.com/title/tt5113040/,https://thesecretlifeofpets.fandom.com/wiki/Category:The_Secret_Life_of_Pets_2_characters,https://www.youtube.com/watch?v=JnuYlFhXWsU
The Secret Life of Pets 2,5Io8n3JYNUY,https://www.imdb.com/title/tt5113040/,https://thesecretlifeofpets.fandom.com/wiki/Category:The_Secret_Life_of_Pets_2_characters,https://www.youtube.com/watch?v=5Io8n3JYNUY
The Secret Life of Pets 2,UBWIoJF2X4A,https://www.imdb.com/title/tt5113040/,https://thesecretlifeofpets.fandom.com/wiki/Category:The_Secret_Life_of_Pets_2_characters,https://www.youtube.com/watch?v=UBWIoJF2X4A
The Secret Life of Pets 2,kMcvRpOOIwY,https://www.imdb.com/title/tt5113040/,https://thesecretlifeofpets.fandom.com/wiki/Category:The_Secret_Life_of_Pets_2_characters,https://www.youtube.com/watch?v=kMcvRpOOIwY
The Secret Life of Pets 2,MrrYu07MIbk,https://www.imdb.com/title/tt5113040/,https://thesecretlifeofpets.fandom.com/wiki/Category:The_Secret_Life_of_Pets_2_characters,https://www.youtube.com/watch?v=MrrYu07MIbk
The Angry Birds Movie 2,WncnbHD-JXI,https://www.imdb.com/title/tt6095472/,https://angrybirds.fandom.com/wiki/Category:The_Angry_Birds_Movie_2_Characters,https://www.youtube.com/watch?v=WncnbHD-JXI
The Angry Birds Movie 2,A6d0qIZY3Hg,https://www.imdb.com/title/tt6095472/,https://angrybirds.fandom.com/wiki/Category:The_Angry_Birds_Movie_2_Characters,https://www.youtube.com/watch?v=A6d0qIZY3Hg
The Angry Birds Movie 2,_bJYiiCvPW4,https://www.imdb.com/title/tt6095472/,https://angrybirds.fandom.com/wiki/Category:The_Angry_Birds_Movie_2_Characters,https://www.youtube.com/watch?v=_bJYiiCvPW4
The Angry Birds Movie 2,e198XToyAkk,https://www.imdb.com/title/tt6095472/,https://angrybirds.fandom.com/wiki/Category:The_Angry_Birds_Movie_2_Characters,https://www.youtube.com/watch?v=e198XToyAkk
The Angry Birds Movie 2,480Hw45m9v8,https://www.imdb.com/title/tt6095472/,https://angrybirds.fandom.com/wiki/Category:The_Angry_Birds_Movie_2_Characters,https://www.youtube.com/watch?v=480Hw45m9v8
The Angry Birds Movie 2,WavZVQM3U00,https://www.imdb.com/title/tt6095472/,https://angrybirds.fandom.com/wiki/Category:The_Angry_Birds_Movie_2_Characters,https://www.youtube.com/watch?v=WavZVQM3U00
The Angry Birds Movie 2,WzAHXnFWd5U,https://www.imdb.com/title/tt6095472/,https://angrybirds.fandom.com/wiki/Category:The_Angry_Birds_Movie_2_Characters,https://www.youtube.com/watch?v=WzAHXnFWd5U
The Angry Birds Movie 2,DXFN60x3vP4,https://www.imdb.com/title/tt6095472/,https://angrybirds.fandom.com/wiki/Category:The_Angry_Birds_Movie_2_Characters,https://www.youtube.com/watch?v=DXFN60x3vP4
The Angry Birds Movie 2,j71oHN1i2pU,https://www.imdb.com/title/tt6095472/,https://angrybirds.fandom.com/wiki/Category:The_Angry_Birds_Movie_2_Characters,https://www.youtube.com/watch?v=j71oHN1i2pU
The Angry Birds Movie 2,YvL_-Awg2gg,https://www.imdb.com/title/tt6095472/,https://angrybirds.fandom.com/wiki/Category:The_Angry_Birds_Movie_2_Characters,https://www.youtube.com/watch?v=YvL_-Awg2gg
Abominable,ViQZwRewYl8,https://www.imdb.com/title/tt6324278/,https://dreamworks.fandom.com/wiki/Category:Abominable_characters,https://www.youtube.com/watch?v=ViQZwRewYl8
Abominable,GZiLvbk8fL8,https://www.imdb.com/title/tt6324278/,https://dreamworks.fandom.com/wiki/Category:Abominable_characters,https://www.youtube.com/watch?v=GZiLvbk8fL8
Abominable,rRUVmTXpPyg,https://www.imdb.com/title/tt6324278/,https://dreamworks.fandom.com/wiki/Category:Abominable_characters,https://www.youtube.com/watch?v=rRUVmTXpPyg
Abominable,eNCK08cInIE,https://www.imdb.com/title/tt6324278/,https://dreamworks.fandom.com/wiki/Category:Abominable_characters,https://www.youtube.com/watch?v=eNCK08cInIE
Abominable,LCj92toBBBE,https://www.imdb.com/title/tt6324278/,https://dreamworks.fandom.com/wiki/Category:Abominable_characters,https://www.youtube.com/watch?v=LCj92toBBBE
Abominable,chvjkV0jRh8,https://www.imdb.com/title/tt6324278/,https://dreamworks.fandom.com/wiki/Category:Abominable_characters,https://www.youtube.com/watch?v=chvjkV0jRh8
Abominable,GU1zIn2BRN0,https://www.imdb.com/title/tt6324278/,https://dreamworks.fandom.com/wiki/Category:Abominable_characters,https://www.youtube.com/watch?v=GU1zIn2BRN0
Teen Titans GO! to the Movies,GgBt0TlbwUY,https://www.imdb.com/title/tt7424200/,https://dcmovies.fandom.com/wiki/Category:Teen_Titans_GO!_To_the_Movies_Characters,https://www.youtube.com/watch?v=GgBt0TlbwUY
Teen Titans GO! to the Movies,dnrJELv76n4,https://www.imdb.com/title/tt7424200/,https://dcmovies.fandom.com/wiki/Category:Teen_Titans_GO!_To_the_Movies_Characters,https://www.youtube.com/watch?v=dnrJELv76n4
Teen Titans GO! to the Movies,PitkS4aYur8,https://www.imdb.com/title/tt7424200/,https://dcmovies.fandom.com/wiki/Category:Teen_Titans_GO!_To_the_Movies_Characters,https://www.youtube.com/watch?v=PitkS4aYur8
Teen Titans GO! to the Movies,hFfQhVgQU44,https://www.imdb.com/title/tt7424200/,https://dcmovies.fandom.com/wiki/Category:Teen_Titans_GO!_To_the_Movies_Characters,https://www.youtube.com/watch?v=hFfQhVgQU44
Teen Titans GO! to the Movies,NKhTArRP31Q,https://www.imdb.com/title/tt7424200/,https://dcmovies.fandom.com/wiki/Category:Teen_Titans_GO!_To_the_Movies_Characters,https://www.youtube.com/watch?v=NKhTArRP31Q
Teen Titans GO! to the Movies,VqAqUVcgQdE,https://www.imdb.com/title/tt7424200/,https://dcmovies.fandom.com/wiki/Category:Teen_Titans_GO!_To_the_Movies_Characters,https://www.youtube.com/watch?v=VqAqUVcgQdE
Teen Titans GO! to the Movies,qYEOmZzqX28,https://www.imdb.com/title/tt7424200/,https://dcmovies.fandom.com/wiki/Category:Teen_Titans_GO!_To_the_Movies_Characters,https://www.youtube.com/watch?v=qYEOmZzqX28
Teen Titans GO! to the Movies,qB93c2JU4uQ,https://www.imdb.com/title/tt7424200/,https://dcmovies.fandom.com/wiki/Category:Teen_Titans_GO!_To_the_Movies_Characters,https://www.youtube.com/watch?v=qB93c2JU4uQ
Teen Titans GO! to the Movies,7XBizI9jArU,https://www.imdb.com/title/tt7424200/,https://dcmovies.fandom.com/wiki/Category:Teen_Titans_GO!_To_the_Movies_Characters,https://www.youtube.com/watch?v=7XBizI9jArU
